p_code,p_name,start_date,earning,earn_7d,earn_14d,earn_28d,earn_35d,path_1m,path_3m,path_6m,path_1y,strat_money
439,国金鑫盈货币,2019-01-17,0.0415,0.18,0.2137,0.6485,0.8505,0.0613,0.3875,0.6505,1.7978,100
20031,国泰现金管理货币A,2019-01-17,0.2936,0.99,0.8633,1.2825,1.2951,0.1084,0.3175,0.6345,1.8547,100
20032,国泰现金管理货币B,2019-01-17,0.3594,1.229,1.1039,1.5224,1.5349,0.1287,0.3782,0.7565,2.1002,5000000
560001,益民货币,2019-01-17,0.5547,1.968,1.9789,2.5768,2.4736,0.2258,0.5382,0.9427,2.2167,100
683,信达澳银慧管家E,2019-01-17,0.5722,2.162,2.2209,2.6106,2.5242,0.2162,0.5555,1.1107,2.7418,100
630012,华商现金增利货币A,2019-01-17,0.5041,1.915,2.1152,2.6397,2.6188,0.2239,0.532,1.1032,2.7816,100
734,博时天天增利货币A,2019-01-17,0.5547,2.001,2.0317,2.7874,2.6816,0.2291,0.597,1.1611,2.7988,100
738,中信建投货币A,2019-01-17,0.4997,1.872,2.1832,2.3958,2.3525,0.2024,0.5953,1.3253,2.8563,100
70028,嘉实安心货币市场A,2019-01-17,0.5162,1.955,2.0532,2.6738,2.6056,0.2231,0.5516,1.24,2.9143,100
644,招商招金宝货币A,2019-01-17,0.657,2.433,2.6159,2.7685,2.6312,0.2287,0.57,1.1715,2.9213,100
519588,交银货币A,2019-01-17,0.6356,2.23,2.3627,2.5973,2.5348,0.2185,0.55,1.1737,2.9302,100
540011,汇丰晋信货币A,2019-01-17,0.5748,3.25,2.3488,2.8205,2.8769,0.2347,0.6418,1.2626,2.9535,1000
110006,易方达货币A,2019-01-17,0.512,2.258,2.3427,2.9228,2.8901,0.2467,0.6297,1.2958,2.9594,100
20007,国泰货币,2019-01-17,0.5178,1.871,2.0038,2.0247,1.9235,0.166,0.5308,1.161,2.9837,100
310338,申万菱信收益宝货币A,2019-01-17,0.6584,2.485,2.5794,3.0363,2.9153,0.2508,0.6151,1.2218,2.9994,100
675071,西部利得天添金货币A,2019-01-17,0.7905,2.671,3.2765,3.8131,3.8739,0.3206,0.5658,1.177,3.0029,100
681,信达澳银慧管家A,2019-01-17,0.6479,2.424,2.4844,2.9791,2.8621,0.2459,0.6149,1.2295,3.0103,1000
1925,兴业鑫天盈货币A,2019-01-17,0.5983,2.217,2.3201,2.4755,2.4636,0.2051,0.5905,1.219,3.0148,100
630112,华商现金增利货币B,2019-01-17,0.5699,2.157,2.3571,2.8807,2.8594,0.2444,0.593,1.2257,3.0289,5000000
519566,浦银安盛日日盈货币A,2019-01-17,0.5717,2.129,2.3233,2.6645,2.6307,0.2242,0.607,1.2735,3.0322,100
576,中邮货币A,2019-01-17,0.5907,2.37,2.2976,2.701,2.5914,0.233,0.6028,1.1976,3.0456,100
583001,东吴货币A,2019-01-17,0.6316,2.376,2.5201,2.5162,2.4536,0.2089,0.6661,1.2895,3.0459,100
735,博时天天增利货币B,2019-01-17,0.6191,2.246,2.2753,3.033,2.9273,0.2495,0.6579,1.2837,3.0462,5000000
4473,前海开源尊享货币A,2019-01-17,,,,,,0.2913,0.5918,1.2155,3.0552,1000
3171,信达澳银慧理财货币,2019-01-17,0.5427,1.802,2.0838,2.7829,2.6498,0.2281,0.5652,1.2282,3.0575,100
40003,华安现金富利货币A,2019-01-17,0.6117,2.198,2.2661,2.7287,2.6261,0.2279,0.5964,1.2356,3.0629,100
855,上投摩根天添盈货币A,2019-01-17,0.7641,2.63,2.673,2.7537,2.7315,0.2306,0.654,1.2858,3.0761,100
721,兴业货币A,2019-01-17,0.7069,1.959,2.0288,2.8933,2.7546,0.2363,0.6267,1.2908,3.0835,100
712,上投摩根天添宝货币A,2019-01-17,0.6031,2.226,2.3511,2.8496,2.7621,0.2374,0.6059,1.256,3.089,100
710501,富安达现金通货币A,2019-01-17,1.6089,2.802,2.9895,3.157,2.9754,0.2574,0.6645,1.301,3.0951,100
505,国寿安保货币A,2019-01-17,0.8555,2.901,3.1101,3.1202,2.9319,0.2541,0.64,1.3079,3.0986,100
260102,景顺货币A,2019-01-17,0.6159,2.572,2.812,2.8793,2.7615,0.2392,0.664,1.3575,3.103,100
320002,诺安货币A,2019-01-17,0.6566,2.31,2.3604,2.7299,2.6012,0.226,0.6113,1.2822,3.1052,100
290001,泰信天天收益货币A,2019-01-17,0.5361,1.681,3.1999,3.4091,3.1454,0.2797,0.6452,1.2934,3.1088,1000
741,兴银货币A,2019-01-17,0.6479,2.31,2.5347,2.8708,2.7872,0.2376,0.6265,1.3077,3.118,100
360003,光大货币,2019-01-17,0.619,2.259,2.4392,2.6829,2.6503,0.2173,0.598,1.2606,3.1209,100
366,汇添富添富通货币A,2019-01-17,0.7458,2.712,2.8731,3.1818,3.1527,0.2673,0.7477,1.4155,3.1247,100
4860,华泰紫金零钱宝货币,2019-01-17,0.5926,2.372,2.7962,3.4007,3.2631,0.2802,0.6655,1.3565,3.1289,100
3588,东吴增鑫宝货币A,2019-01-17,0.5578,1.986,1.9059,2.4194,2.4341,0.205,0.5941,1.283,3.1302,100
2646,中科沃土货币A,2019-01-17,0.6349,2.59,3.1387,3.2958,3.1346,0.2728,0.6242,1.3337,3.1329,100
519999,长信利息收益货币A,2019-01-17,0.8602,2.619,3.0777,2.8897,2.807,0.2549,0.6752,1.324,3.1337,100
70029,嘉实安心货币市场B,2019-01-17,0.5835,2.196,2.2964,2.9137,2.8458,0.2435,0.6128,1.3626,3.1622,5000000
2747,中欧货币C,2019-01-17,0.6191,2.205,2.3736,2.6582,2.565,0.2206,0.6082,1.2998,3.1673,100
4133,中航航行宝货币,2019-01-17,0.6498,2.33,2.3552,3.0694,2.9423,0.2526,0.6546,1.2994,3.1682,100
651,招商招金宝货币B,2019-01-17,0.7228,2.679,2.8628,3.0181,2.8808,0.2493,0.6311,1.2942,3.1688,5000000
300,德邦德利货币A,2019-01-17,0.6054,2.184,2.3028,3.4582,3.2989,0.2812,0.6635,1.3073,3.1688,100
4786,渤海汇金汇添金货币A,2019-01-17,0.6513,2.355,2.5556,2.6702,2.7575,0.2453,0.6592,1.3427,3.1698,100
203,国富日日收益货币A,2019-01-17,0.6372,2.891,3.4161,2.8176,2.7639,0.2342,0.6445,1.3465,3.1724,100
4060,博时兴盛货币,2019-01-17,0.6431,2.413,2.6319,3.5792,3.5489,0.2999,0.658,1.2027,3.1733,100
519589,交银货币B,2019-01-17,0.7012,2.471,2.6038,2.838,2.7753,0.2388,0.6109,1.2963,3.1776,5000000
4072,金元顺安金通宝货币A,2019-01-17,0.6529,2.348,2.4821,2.8934,2.7776,0.2372,0.6258,1.291,3.1789,100
166014,中欧货币A,2019-01-17,0.6155,2.202,2.3751,2.6917,2.5915,0.2232,0.6102,1.3016,3.1822,100
701,景顺长城景丰货币A,2019-01-17,0.7393,3.043,2.9723,2.9421,2.8425,0.2454,0.6704,1.3472,3.1849,100
424,长盛添利宝货币A,2019-01-17,0.4096,2.113,2.4427,2.6529,2.7403,0.2309,0.6313,1.32,3.1891,100
541011,汇丰晋信货币B,2019-01-17,0.6383,3.496,2.5931,3.064,3.1212,0.2549,0.7028,1.3855,3.2013,5000000
150005,银河银富货币A,2019-01-17,0.7194,3.036,2.9587,3.1753,3.1162,0.2637,0.7158,1.3331,3.2014,100
324,华润元大现金收益货币A,2019-01-17,0.6592,2.442,2.4514,2.906,2.7387,0.2427,0.5672,1.1978,3.2055,100
161608,融通易支付货币A,2019-01-17,0.7253,2.802,2.8749,2.9674,2.9415,0.2489,0.6823,1.4078,3.2068,100
110016,易方达货币B,2019-01-17,0.5777,2.504,2.589,3.1699,3.137,0.2672,0.6907,1.4184,3.2069,10000000
4493,华泰保兴货币A,2019-01-17,0.6211,2.387,2.6745,3.027,2.889,0.261,0.6565,1.3195,3.2112,100
3398,太平日日金货币A,2019-01-17,0.6159,2.401,2.5633,2.8083,2.7411,0.2344,0.6428,1.3581,3.2159,100
410002,华富货币A,2019-01-17,0.6281,2.24,2.4254,3.0354,2.9191,0.251,0.664,1.354,3.2172,100
3478,民生加银腾元宝货币A,2019-01-17,0.613,2.282,2.2664,2.8611,2.9115,0.242,0.6499,1.3477,3.2176,100
2077,浙商日添利A,2019-01-17,1.007,2.407,2.6135,2.962,3.2565,0.2432,0.6606,1.3441,3.2199,100
460006,华泰柏瑞货币A,2019-01-17,0.6073,2.18,2.4137,3.3286,3.1679,0.2724,0.6644,1.3132,3.2202,100
3585,先锋现金宝货币,2019-01-17,0.7264,2.703,2.8218,2.9447,2.8718,0.2411,0.6502,1.3113,3.2205,100
180008,银华货币A,2019-01-17,0.7646,2.954,2.9533,2.9897,2.9502,0.25,0.6593,1.3804,3.2272,100
4849,信诚货币E,2019-01-17,0.5193,1.831,2.4943,2.9165,2.7983,0.24,0.6276,1.3308,3.2273,100
160606,鹏华货币A,2019-01-17,0.6679,2.476,2.4614,2.829,2.7425,0.2374,0.6487,1.3317,3.2412,100
2957,财通财通宝货币A,2019-01-17,0.702,2.684,2.782,3.0418,2.9423,0.2509,0.668,1.4132,3.2434,100
4210,前海开源货币E,2019-01-17,0.5514,2.248,2.2307,2.5353,2.6155,0.2219,0.6299,1.353,3.2434,100
1870,前海开源货币A,2019-01-17,0.5452,2.247,2.2296,2.5355,2.62,0.2221,0.63,1.353,3.2434,100
400005,东方金账簿货币A,2019-01-17,0.432,1.623,1.9081,2.7546,2.7596,0.2313,0.6389,1.3175,3.2436,100
1175,山证日日添利货币A,2019-01-17,0.7641,2.89,2.8612,2.9729,2.9667,0.249,0.7236,1.4532,3.2463,100
310339,申万收益宝货币B,2019-01-17,0.7238,2.703,2.8142,3.2778,3.1577,0.2707,0.6756,1.344,3.2473,5000000
550010,信诚货币A,2019-01-17,0.5181,1.861,2.5101,2.9244,2.8044,0.2407,0.6282,1.3316,3.2477,100
253050,国联安货币A,2019-01-17,0.6782,2.63,2.6482,3.0541,2.9546,0.2529,0.6567,1.324,3.252,100
675072,西部利得天添金货币B,2019-01-17,0.8501,2.962,3.5419,4.0645,4.1187,0.3406,0.6277,1.3014,3.2524,5000000
682,信达澳银慧管家C,2019-01-17,0.7132,2.678,2.7393,3.2322,3.1147,0.2668,0.6728,1.3476,3.2545,5000000
981,北信瑞丰现金添利A,2019-01-17,1.285,2.56,2.4905,2.4961,2.4668,0.2079,0.7296,1.3838,3.2644,100
4173,嘉实增益宝货币,2019-01-17,0.7149,2.708,2.8295,2.7195,2.6875,0.2259,0.6575,1.3586,3.2645,100
1926,兴业鑫天盈货币B,2019-01-17,0.6641,2.463,2.5666,2.7219,2.7099,0.2255,0.6534,1.3441,3.2648,5000000
519567,浦银安盛日日盈货币B,2019-01-17,0.6374,2.377,2.571,2.9123,2.8787,0.2447,0.668,1.3962,3.28,5000000
3363,长江乐享货币A,2019-01-17,0.9443,2.596,2.5883,2.7252,2.6769,0.23,0.6649,1.4118,3.2812,100
4474,前海开源尊享货币B,2019-01-17,,,,,,0.3117,0.653,1.3345,3.2813,5000000
380,景顺长城景益货币A,2019-01-17,0.7658,2.827,2.8532,2.8715,2.8575,0.2411,0.6908,1.4673,3.2838,100
483,鑫元货币A,2019-01-17,0.5392,1.967,2.1338,3.4954,3.286,0.2844,0.7004,1.3986,3.2851,100
583101,东吴货币B,2019-01-17,0.6992,2.625,2.7745,2.7689,2.7061,0.2298,0.7267,1.412,3.2935,5000000
1697,大成恒丰宝货币A,2019-01-17,0.6516,2.545,2.4705,2.7826,2.679,0.2289,0.6056,1.3521,3.2939,100
580,中邮货币B,2019-01-17,0.6562,2.61,2.5377,2.9404,2.8307,0.254,0.6643,1.321,3.2951,5000000
4985,博时合晶货币,2019-01-17,0.6773,2.419,2.5569,2.4956,2.5887,0.2088,0.5909,1.2979,3.2959,100
4151,先锋日添利A,2019-01-17,0.6785,2.58,2.6482,2.9579,3.1462,0.2691,0.6852,1.3534,3.2968,100
1842,九泰日添金货币A,2019-01-17,0.5829,2.158,2.3648,2.7509,2.711,0.2319,0.619,1.388,3.2979,100
4285,华富天盈货币A,2019-01-17,1.9595,3.484,3.3051,3.4317,3.1654,0.2756,0.7364,1.411,3.2979,100
519511,万家日日薪货币A,2019-01-17,0.5104,2.255,2.9469,3.1951,3.007,0.2647,0.6329,1.384,3.3016,100
626,大成丰财宝货币A,2019-01-17,0.691,2.565,2.6488,3.2602,3.1239,0.2681,0.674,1.3733,3.3056,100
675031,西部利得天添鑫货币A,2019-01-17,0.677,2.615,2.9242,3.2599,3.1796,0.2694,0.6878,1.4155,3.3078,100
210,光大现金宝货币A,2019-01-17,0.6629,2.551,2.6497,3.2133,3.1333,0.2696,0.69,1.4037,3.3102,100
41003,华安现金富利货币B,2019-01-17,0.6776,2.439,2.5063,2.969,2.8663,0.2484,0.6574,1.3582,3.3107,5000000
3316,中银证券现金管家货币A,2019-01-17,0.7062,2.646,2.7331,2.8923,2.76,0.2375,0.6573,1.4244,3.3194,100
740,兴银货币B,2019-01-17,0.7012,2.502,2.7426,3.0795,2.988,0.2542,0.6767,1.409,3.3232,5000000
5056,东方红货币A,2019-01-17,0.7336,2.745,3.082,3.3696,3.3039,0.2803,0.6815,1.3653,3.3272,100
2260,中信建投添鑫宝,2019-01-17,0.6676,2.531,2.6241,2.8389,2.8663,0.2412,0.6931,1.5108,3.3306,100
90005,大成货币A,2019-01-17,0.6582,2.396,2.5762,3.1222,3.1241,0.2545,0.6635,1.4106,3.3312,100
722,兴业货币B,2019-01-17,0.7727,2.204,2.2751,3.1412,3.002,0.2568,0.6878,1.4138,3.3319,5000000
713,上投摩根天添宝货币B,2019-01-17,0.6689,2.472,2.5982,3.098,3.0092,0.2579,0.6669,1.3785,3.3369,5000000
2318,鹏华添利交易型货币A,2019-01-17,0.6466,2.367,2.5021,2.9388,2.8972,0.2463,0.6819,1.4,3.3379,100
519998,长信利息收益货币B,2019-01-17,0.885,2.711,3.1715,2.976,2.8944,0.2626,0.6979,1.4054,3.3396,5000000
785,华融现金增利货币A,2019-01-17,0.7138,2.646,2.7151,2.8726,2.9559,0.2402,0.6538,1.3297,3.3438,100
710502,富安达现金通货币B,2019-01-17,1.6747,3.049,3.2388,3.4048,3.2228,0.2778,0.7255,1.4239,3.3438,5000000
3874,浙商日添金货币A,2019-01-17,0.7048,2.641,2.6672,2.7966,2.7531,0.2331,0.6443,1.4012,3.3439,100
506,国寿安保货币B,2019-01-17,0.9214,3.147,3.3561,3.367,3.1787,0.2745,0.7008,1.4305,3.347,5000000
260202,景顺货币B,2019-01-17,0.6814,2.811,2.8718,3.0293,2.9291,0.2597,0.725,1.4802,3.351,5000000
434,新华壹诺宝货币A,2019-01-17,0.6808,3.673,3.1519,2.9057,2.813,0.2406,0.6914,1.4274,3.3546,100
320019,诺安货币B,2019-01-17,0.7223,2.55,2.6007,2.9699,2.8411,0.2464,0.6721,1.4048,3.3547,5000000
2234,泰信天天收益货币B,2019-01-17,0.6042,1.901,3.4262,3.6423,3.3797,0.2996,0.7055,1.4157,3.3564,3000000
750006,安信现金管理货币A,2019-01-17,0.6673,2.451,2.502,2.7889,2.8826,0.2348,0.6688,1.4153,3.362,100
213009,宝盈货币A,2019-01-17,0.669,2.796,2.8592,2.9782,2.8894,0.244,0.6745,1.4041,3.3622,100
2672,诺德货币A,2019-01-17,0.6429,2.341,2.5204,2.7645,2.736,0.2392,0.6436,1.382,3.3633,100
1101,银华惠添益货币,2019-01-17,0.6543,2.404,2.4208,2.6278,2.6152,0.22,0.6487,1.6472,3.364,100
519505,海富通货币A,2019-01-17,0.7418,2.595,2.6609,2.8317,2.8361,0.2431,0.6825,1.4192,3.3671,100
163802,中银货币A,2019-01-17,0.5441,1.99,2.6979,3.4021,3.1437,0.2785,0.6482,1.3994,3.368,100
548,鹏华聚财通货币,2019-01-17,0.695,2.52,2.5719,2.678,2.813,0.2397,0.6716,1.3542,3.3691,10
2759,东兴安盈宝A,2019-01-17,0.7268,2.693,2.8249,3.0229,2.941,0.2556,0.6806,1.4389,3.3697,100
615,长城工资宝货币A,2019-01-17,0.6422,2.401,2.6298,2.8095,2.7328,0.2301,0.6389,1.3637,3.3713,100
980,汇添富添富通货币B,2019-01-17,0.8096,2.954,3.1113,3.417,3.3875,0.2866,0.8075,1.5371,3.3714,5000000
420006,天弘现金管家货币A,2019-01-17,0.7487,2.856,2.8744,2.8869,2.8803,0.2387,0.7122,1.3829,3.3737,1000
3228,浦银安盛日日鑫货币A,2019-01-17,0.6723,2.527,2.5807,2.9176,2.8865,0.2439,0.6776,1.3992,3.3747,100
2847,天弘现金管家货币E,2019-01-17,0.7502,2.859,2.8775,2.8906,2.8845,0.239,0.7155,1.3862,3.3758,100
3589,东吴增鑫宝货币B,2019-01-17,0.6235,2.236,2.1497,2.6711,2.685,0.2258,0.6553,1.4062,3.3782,5000000
1624,兴业添天盈货币A,2019-01-17,0.5419,2.364,2.6504,3.0087,2.8187,0.2426,0.6771,1.4234,3.3799,100
2647,中科沃土货币B,2019-01-17,0.702,2.83,3.3846,3.543,3.3823,0.2932,0.6852,1.4564,3.3812,5000000
2184,泓德泓利货币A,2019-01-17,0.6553,2.344,2.3644,3.257,3.1324,0.2697,0.6878,1.4048,3.3878,100
3422,国寿安保添利货币A,2019-01-17,0.6708,2.401,2.4571,2.7038,2.6733,0.2256,0.6449,1.3711,3.3878,100
350004,天治天得利货币,2019-01-17,0.6245,2.292,2.4932,2.7285,2.7544,0.2246,0.6412,1.3699,3.3895,1000
2709,红塔红土人人宝货币A,2019-01-17,0.7239,2.648,2.7608,2.7176,2.7008,0.2274,0.6709,1.3975,3.3919,100
4865,格林货币A,2019-01-17,0.6797,2.489,2.5814,3.3673,3.2843,0.275,0.746,1.4006,3.3942,100
871,北信瑞丰宜投宝A,2019-01-17,0.8218,2.885,2.8659,2.9919,2.9072,0.2454,0.6765,1.4564,3.3947,100
740601,长安货币A,2019-01-17,0.681,2.426,2.6792,3.1062,3.0955,0.2605,0.6999,1.4055,3.3956,100
901,国开货币A,2019-01-17,0.5959,2.206,2.5465,2.6154,2.5299,0.2192,0.6406,1.4274,3.3959,100
200003,长城货币A,2019-01-17,0.8103,2.849,2.8692,3.0131,2.9894,0.254,0.6896,1.4451,3.4016,100
4178,圆信永丰丰润货币A,2019-01-17,0.3013,1.77,2.3344,3.0667,3.0432,0.2613,0.6767,1.4249,3.4066,100
4749,华泰紫金天天金交易型货币B,2019-01-17,0.8223,3.119,3.3543,3.5157,3.4812,0.2895,0.7989,1.5859,3.4069,100
882,中金现金管家A,2019-01-17,0.2675,3.364,2.9603,3.0538,2.9706,0.2543,0.6799,1.4324,3.4102,100
1006,中信建投凤凰货币A,2019-01-17,0.6136,2.141,2.8471,3.1392,3.1188,0.2576,0.7456,1.5359,3.4112,100
3467,富荣货币A,2019-01-17,0.4497,1.822,2.0065,2.9104,2.8539,0.2422,0.6841,1.4297,3.4112,100
4903,人保货币A,2019-01-17,0.7414,2.803,2.8831,3.0827,2.9832,0.2546,0.6899,1.4054,3.4166,100
519508,万家货币A,2019-01-17,0.7152,2.645,2.7306,3.0901,3.0813,0.2669,0.721,1.5413,3.4167,100
301,德邦德利货币B,2019-01-17,0.6724,2.427,2.5443,3.6979,3.5388,0.3016,0.7246,1.4303,3.4171,5000000
80011,长盛货币A,2019-01-17,0.7089,2.607,2.6023,2.7011,2.7045,0.2275,0.6604,1.4207,3.4182,100
4787,渤海汇金汇添金货币B,2019-01-17,0.717,2.602,2.8028,2.8972,2.9892,0.2658,0.7203,1.4657,3.4187,5000000
204,国富日日收益货币B,2019-01-17,0.7036,3.139,3.664,3.0642,3.0107,0.2546,0.7053,1.4693,3.4205,5000000
4073,金元顺安金通宝货币B,2019-01-17,0.7186,2.597,2.7303,3.1409,3.0264,0.2578,0.6868,1.4141,3.428,5000000
2748,中欧货币D,2019-01-17,0.6847,2.451,2.6209,2.9388,2.8387,0.2437,0.6712,1.4246,3.4305,5000000
166015,中欧货币B,2019-01-17,0.6849,2.451,2.6211,2.9389,2.8387,0.2436,0.6712,1.4245,3.4305,5000000
707,景顺长城景丰货币B,2019-01-17,0.8043,3.285,3.2143,3.1807,3.0815,0.2658,0.7315,1.47,3.4339,5000000
100025,富国天时货币A,2019-01-17,0.6992,2.504,2.5605,2.8216,2.8266,0.2367,0.6882,1.4554,3.4354,100
425,长盛添利宝货币B,2019-01-17,0.476,2.364,2.6961,2.9025,2.9865,0.2514,0.6921,1.4426,3.4369,5000000
816,南方理财金交易型货币A,2019-01-17,0.6922,2.578,2.8236,2.8802,2.8882,0.2453,0.6864,1.4417,3.4372,100
2247,新疆前海联合海盈货币A,2019-01-17,0.7035,2.579,2.6279,3.2301,3.2688,0.2672,0.7175,1.4331,3.4381,100
217004,招商现金增值货币A,2019-01-17,0.6792,2.417,2.7364,3.4584,3.2708,0.2825,0.7098,1.5049,3.4404,100
847,中融货币A,2019-01-17,0.6988,2.627,2.619,2.8489,2.7895,0.2367,0.6772,1.4518,3.441,100
3252,大成添益交易型货币A,2019-01-17,0.7898,2.94,3.0361,3.0862,3.0122,0.2565,0.6853,1.4011,3.4449,100
150015,银河银富货币B,2019-01-17,0.7814,3.279,3.1994,3.3967,3.3422,0.2822,0.7745,1.4535,3.4473,5000000
730003,方正富邦货币A,2019-01-17,0.7003,2.584,3.0495,3.067,2.96,0.2526,0.6377,1.3908,3.4477,100
2960,博时合利货币,2019-01-17,0.6868,2.558,2.5696,3.2915,3.2195,0.2739,0.6097,1.3425,3.4478,100
50003,博时现金收益货币A,2019-01-17,0.7393,2.77,2.802,2.8252,2.8043,0.2361,0.6804,1.4397,3.45,100
4185,江信增利货币A,2019-01-17,0.7923,2.445,2.4597,2.9451,2.8745,0.2439,0.6788,1.4863,3.4504,100
4699,前海联合汇盈货币A,2019-01-17,0.7507,2.879,2.8889,3.124,3.0509,0.2588,0.7049,1.479,3.4504,100
161615,融通易支付货币B,2019-01-17,0.79,3.047,3.1203,3.2098,3.1824,0.2688,0.742,1.5272,3.4519,5000000
3534,浦银安盛日日丰货币A,2019-01-17,0.8558,3.304,3.2919,3.4118,3.3942,0.2935,0.7884,1.5449,3.4526,100
5016,长江优享货币A,2019-01-17,0.7088,2.738,2.7637,3.1229,2.9918,0.2579,0.6878,1.4548,3.4535,100
325,华润元大现金收益货币B,2019-01-17,0.7284,2.684,2.6927,3.1466,2.9794,0.2632,0.6282,1.3206,3.4539,5000000
559,诺安天天宝A,2019-01-17,0.7183,2.626,2.7186,2.9334,2.9243,0.2463,0.6859,1.444,3.4559,100
4330,太平日日鑫货币A,2019-01-17,1.2983,4.068,3.1482,3.0262,2.8254,0.246,0.6501,1.4887,3.4561,100
4494,华泰保兴货币B,2019-01-17,0.6868,2.64,2.9362,3.272,3.1341,0.282,0.7179,1.4423,3.4595,5000000
3399,太平日日金货币B,2019-01-17,0.6816,2.64,2.8008,3.0509,2.9795,0.254,0.7033,1.4811,3.4642,5000000
3994,华富货币B,2019-01-17,0.6939,2.481,2.6657,3.2756,3.1593,0.2714,0.7249,1.4768,3.4664,5000000
460106,华泰柏瑞货币B,2019-01-17,0.6757,2.439,2.6496,3.5724,3.412,0.2924,0.725,1.4357,3.468,5000000
2078,浙商日添利B,2019-01-17,1.0733,2.655,2.8615,3.2109,3.5057,0.2637,0.722,1.4666,3.4682,5000000
180009,银华货币B,2019-01-17,0.8266,3.198,3.1984,3.2339,3.193,0.2701,0.7195,1.5008,3.4726,5000000
90022,大成现金增利货币A,2019-01-17,0.7994,2.83,2.7918,2.8806,2.8575,0.2411,0.6676,1.4066,3.4745,100
773,万家现金宝A,2019-01-17,0.7743,2.886,2.9821,3.0399,3.0861,0.2538,0.7541,1.5542,3.4776,100
519509,浦银安盛货币A,2019-01-17,0.7453,2.831,2.8796,3.0576,2.9953,0.2586,0.6963,1.4533,3.4791,100
160609,鹏华货币B,2019-01-17,0.734,2.717,2.7021,3.0693,2.9828,0.2578,0.7096,1.4546,3.4894,5000000
724,大成添利宝货币A,2019-01-17,0.7671,2.831,2.8082,2.7994,2.7995,0.2348,0.6742,1.4806,3.4901,100
1871,前海开源货币B,2019-01-17,0.611,2.491,2.4753,2.7825,2.8671,0.2426,0.6913,1.4761,3.4921,5000000
2958,财通财通宝货币B,2019-01-17,0.7689,2.932,3.0301,3.2901,3.1904,0.2714,0.7289,1.5361,3.4926,5000000
400006,东方金账簿货币B,2019-01-17,0.4981,1.864,2.1492,2.9959,3.0006,0.2518,0.6999,1.4404,3.4929,5000000
3997,泓德添利货币A,2019-01-17,1.754,2.636,2.4885,3.4753,3.262,0.2836,0.7215,1.5394,3.4933,100
542,上银慧财宝货币A,2019-01-17,0.7323,2.699,2.8638,3.2151,3.1368,0.2664,0.7111,1.4674,3.4935,100
161622,融通汇财宝货币A,2019-01-17,0.7432,2.775,2.8776,3.0594,3.0804,0.258,0.7305,1.502,3.4938,100
4861,泰康现金管家货币A,2019-01-17,0.6708,1.999,2.5952,3.0228,2.9104,0.2462,0.708,1.4697,3.494,100
912,英大现金宝货币,2019-01-17,2.072,4.01,4.0868,3.7707,3.4395,0.3032,0.7582,1.5611,3.4962,100
550011,信诚货币B,2019-01-17,0.5839,2.107,2.7571,3.1731,3.0527,0.2612,0.6892,1.4546,3.4962,5000000
253051,国联安货币B,2019-01-17,0.7423,2.876,2.8985,3.3023,3.2021,0.2734,0.7178,1.447,3.5005,5000000
121011,国投瑞银货币A,2019-01-17,0.6889,2.92,2.8033,2.8154,2.7794,0.2353,0.6672,1.5013,3.5012,100
4967,红土创新货币A,2019-01-17,0.5171,2.159,2.5605,3.5876,3.4551,0.2978,0.696,1.453,3.5024,100
1176,山证日日添利货币B,2019-01-17,0.8434,3.155,3.1265,3.2325,3.2256,0.2704,0.7869,1.5808,3.5056,5000000
1973,光大耀钱包货币A,2019-01-17,0.7937,2.916,2.7355,3.1245,3.0418,0.2577,0.7135,1.5201,3.5129,100
982,北信瑞丰现金添利B,2019-01-17,1.3516,2.809,2.7392,2.7446,2.7152,0.2285,0.7904,1.5066,3.5129,5000000
270004,广发货币A,2019-01-17,0.7156,2.593,2.6662,2.8091,2.8153,0.2402,0.6852,1.4757,3.5238,100
4970,南方天天宝货币A,2019-01-17,0.6904,2.499,2.702,2.9209,2.8776,0.2424,0.7014,1.6118,3.5254,100
381,景顺长城景益货币B,2019-01-17,0.8301,3.072,3.0994,3.1173,3.103,0.2613,0.7515,1.5895,3.5293,5000000
3364,长江乐享货币B,2019-01-17,1.0088,2.829,2.825,2.9637,2.916,0.2504,0.7264,1.5348,3.5298,5000000
484,鑫元货币B,2019-01-17,0.6053,2.215,2.3821,3.7607,3.5474,0.3061,0.7628,1.5229,3.5348,5000000
3206,博时合鑫货币,2019-01-17,0.7649,2.801,2.8206,3.5061,3.3737,0.2887,0.7314,1.4859,3.5361,100
1698,大成恒丰宝货币B,2019-01-17,0.7173,2.794,2.7173,3.0302,2.9264,0.2494,0.6665,1.4753,3.5424,5000000
786,华融现金增利货币B,2019-01-17,0.7797,2.894,2.9628,3.1205,3.2037,0.2607,0.7148,1.4527,3.5433,5000000
331,中加货币A,2019-01-17,0.7236,2.62,2.9386,3.4574,3.2957,0.2884,0.7197,1.4564,3.5435,100
240006,华宝现金宝货币A,2019-01-17,0.7098,2.641,2.7726,2.9866,3.3355,0.2478,0.735,1.534,3.5436,500
1527,鑫元安鑫宝货币B,2019-01-17,0.6349,2.696,2.7972,3.6587,3.5332,0.3018,0.7707,1.5502,3.5437,100
150988,银河钱包货币A,2019-01-17,0.736,2.672,2.8003,3.2319,3.1553,0.2681,0.7363,1.4941,3.544,100
4152,先锋日添利B,2019-01-17,0.7477,2.833,2.8986,3.2066,3.3943,0.2895,0.7462,1.4767,3.5457,5000000
1991,农银天天利货币A,2019-01-17,0.7102,2.572,3.1109,3.8265,3.5858,0.3099,0.7661,1.5938,3.5457,100
1843,九泰日添金货币B,2019-01-17,0.649,2.404,2.6113,2.9985,2.9586,0.2525,0.6802,1.5114,3.5478,5000000
4286,华富天盈货币B,2019-01-17,2.0086,3.723,3.549,3.6785,3.412,0.296,0.7984,1.535,3.549,5000000
4983,鹏扬现金通利货币A,2019-01-17,0.7245,2.633,2.6766,2.8048,2.7673,0.2334,0.6843,1.4614,3.5501,100
519512,万家日日薪货币B,2019-01-17,0.5764,2.495,3.1864,3.4356,3.2478,0.2852,0.694,1.5072,3.5502,5000000
40038,华安日日鑫货币A,2019-01-17,0.7498,2.824,2.8643,2.8372,2.8289,0.2377,0.7096,1.4993,3.5532,100
627,大成丰财宝货币B,2019-01-17,0.7568,2.812,2.8945,3.5076,3.372,0.2886,0.7349,1.4962,3.5542,5000000
675032,西部利得天添鑫货币B,2019-01-17,0.743,2.866,3.1759,3.5112,3.4317,0.2902,0.7493,1.5388,3.556,5000000
211,光大现金宝货币B,2019-01-17,0.7316,2.798,2.8948,3.4617,3.3818,0.29,0.751,1.5266,3.5585,5000000
1232,嘉合货币A,2019-01-17,0.6602,2.372,2.4342,3.7418,3.4997,0.3018,0.7332,1.4888,3.562,200
202301,南方现金增利货币A,2019-01-17,0.7224,2.732,2.7776,2.8473,2.8461,0.2424,0.697,1.5115,3.5653,100
3317,中银证券现金管家货币B,2019-01-17,0.7725,2.895,2.9825,3.14,3.0079,0.258,0.7185,1.5476,3.5684,5000000
4568,长城工资宝货币B,2019-01-17,0.6956,2.598,2.8253,3.0052,2.9284,0.2463,0.6871,1.4612,3.5687,5000000
907,农银红利日结货币A,2019-01-17,0.7845,2.933,2.9552,2.9955,2.9599,0.2495,0.7233,1.5491,3.5697,100
5057,东方红货币B,2019-01-17,0.7954,2.99,3.331,3.6195,3.5536,0.3009,0.7426,1.4885,3.5753,5000000
475,广发天天利货币A,2019-01-17,0.7528,2.861,2.9301,2.9772,2.9703,0.2489,0.6876,1.4752,3.5758,100
70008,嘉实货币A,2019-01-17,0.7861,2.941,3.0378,2.9968,2.9802,0.251,0.744,1.5737,3.5764,100
162206,泰达宏利货币A,2019-01-17,0.3423,2.064,1.9245,4.3301,4.2224,0.3794,0.8095,1.5243,3.5773,100
91005,大成货币B,2019-01-17,0.7238,2.642,2.8229,3.3703,3.3724,0.2751,0.7246,1.5337,3.58,10000000
3711,泰达宏利京元宝货币A,2019-01-17,0.7612,2.856,2.9804,3.2569,3.2252,0.2753,0.7321,1.5009,3.5802,100
1981,富国收益宝交易型货币A,2019-01-17,0.7246,2.579,2.5787,2.8467,2.8484,0.2389,0.6929,1.497,3.5821,100
1987,东方金元宝货币,2019-01-17,0.4699,2.256,3.2832,3.3439,3.4628,0.2762,0.7739,1.533,3.5821,100
4261,招商招禧宝货币A,2019-01-17,0.744,2.909,3.1682,3.3374,3.1895,0.2736,0.7528,1.5909,3.5842,100
4869,中融日日盈交易型货币B,2019-01-17,0.6938,2.55,2.8601,3.6647,3.4051,0.2942,0.8148,1.6547,3.5865,100
3875,浙商日添金货币B,2019-01-17,0.7685,2.883,2.9094,3.047,3.0017,0.2539,0.7052,1.5238,3.5917,5000000
726,大成添利宝货币E,2019-01-17,0.7855,2.929,2.9081,2.9022,2.9023,0.2434,0.6997,1.5324,3.5949,100
3267,新华壹诺宝货币B,2019-01-17,0.7443,3.922,3.3963,3.1522,3.0598,0.2609,0.7522,1.5502,3.6029,5000000
660007,农银货币A,2019-01-17,0.6872,2.949,3.0489,3.1653,3.1467,0.2668,0.7506,1.5865,3.6093,100
750007,安信现金管理货币B,2019-01-17,0.7331,2.697,2.7489,3.0371,3.1308,0.2552,0.73,1.5383,3.6107,5000000
213909,宝盈货币B,2019-01-17,0.735,3.044,3.1074,3.2259,3.1367,0.2645,0.7356,1.5273,3.6112,5000000
1077,华夏现金宝货币A,2019-01-17,0.7481,2.87,2.9766,2.9359,2.9263,0.2467,0.7625,1.5489,3.6128,100
2673,诺德货币B,2019-01-17,0.7066,2.589,2.7682,3.0127,2.9838,0.2602,0.7053,1.5056,3.613,3000000
1477,泰康薪意保货币A,2019-01-17,0.7122,2.781,3.0932,3.2593,3.1595,0.2686,0.7236,1.5432,3.6147,100
519518,汇添富货币A,2019-01-17,0.7723,2.84,2.9153,3.1327,3.1083,0.2623,0.7455,1.5763,3.6155,100
519506,海富通货币B,2019-01-17,0.8079,2.836,2.9014,3.0717,3.0762,0.2636,0.7435,1.5421,3.6158,5000000
379,平安日增利货币,2019-01-17,0.7745,2.943,2.9895,2.9735,2.9704,0.2486,0.7402,1.5936,3.6162,100
163820,中银货币B,2019-01-17,0.6111,2.232,2.9348,3.6404,3.3824,0.2989,0.7091,1.5221,3.6164,5000000
2760,东兴安盈宝B,2019-01-17,0.7906,2.932,3.0632,3.2634,3.1813,0.2759,0.7416,1.5618,3.6184,5000000
509,广发钱袋子货币A,2019-01-17,0.7389,2.657,2.8226,3.1058,3.1412,0.2627,0.7373,1.5509,3.6197,100
4077,金信民发货币A,2019-01-17,0.7187,2.574,2.7332,4.0095,3.7273,0.3235,0.7804,1.5744,3.6206,100
420106,天弘现金管家货币B,2019-01-17,0.8154,3.104,3.1225,3.1352,3.1286,0.2592,0.7732,1.5061,3.6221,5000000
3229,浦银安盛日日鑫货币B,2019-01-17,0.7381,2.773,2.8237,3.1618,3.1308,0.264,0.7381,1.5214,3.6231,5000000
392001,中海货币A,2019-01-17,0.6454,2.319,2.4221,3.3411,3.2877,0.273,0.761,1.5366,3.6235,100
690010,民生加银现金增利货币A,2019-01-17,0.71,2.573,2.6917,3.217,3.0882,0.2648,0.7202,1.5726,3.6237,100
604,银华多利宝货币A,2019-01-17,0.7561,2.842,2.9026,3.1089,3.0563,0.2584,0.7171,1.558,3.6244,100
1625,兴业添天盈货币B,2019-01-17,0.6082,2.612,2.8995,3.2581,3.0675,0.2632,0.7382,1.5463,3.6264,5000000
1937,兴银现金增利货币,2019-01-17,0.7814,2.854,2.9866,3.3639,3.2511,0.2773,0.7341,1.5188,3.6301,100
2185,泓德泓利货币B,2019-01-17,0.721,2.592,2.6109,3.5053,3.3804,0.2903,0.7491,1.5283,3.6375,5000000
150998,银河钱包货币B,2019-01-17,0.763,2.766,2.9018,3.3285,3.2499,0.276,0.7595,1.5406,3.6379,5000000
3423,国寿安保添利货币B,2019-01-17,0.7372,2.649,2.7092,2.9539,2.9245,0.2464,0.7062,1.4943,3.6379,5000000
4179,圆信永丰丰润货币B,2019-01-17,0.3249,1.917,2.4892,3.2371,3.2156,0.2757,0.7245,1.5313,3.6398,100
2710,红塔红土人人宝货币B,2019-01-17,0.7899,2.895,3.0092,2.9651,2.9482,0.2479,0.7318,1.5199,3.6398,5000000
4866,格林货币B,2019-01-17,0.7465,2.742,2.8255,3.6141,3.5318,0.2953,0.8068,1.5236,3.6417,5000000
740602,长安货币B,2019-01-17,0.7491,2.67,2.923,3.3481,3.3369,0.281,0.761,1.5285,3.6443,5000000
872,北信瑞丰宜投宝B,2019-01-17,0.888,3.136,3.1153,3.2408,3.1551,0.2659,0.7373,1.5796,3.6445,5000000
902,国开货币B,2019-01-17,0.6619,2.451,2.7869,2.856,2.7706,0.2396,0.7015,1.5505,3.6454,5000000
200103,长城货币B,2019-01-17,0.8754,3.096,3.1159,3.2576,3.2331,0.2741,0.7498,1.5665,3.6487,5000000
3515,国泰利是宝货币,2019-01-17,0.7819,2.866,2.8492,2.8893,2.8937,0.243,0.7101,1.5285,3.6514,100
4216,兴业安润货币A,2019-01-17,0.7765,2.855,2.912,2.9751,2.961,0.2489,0.7185,1.5582,3.6519,100
9,易方达天天理财货币A,2019-01-17,0.796,2.988,3.0884,3.0551,3.0124,0.2543,0.7461,1.5987,3.6561,10
883,中金现金管家B,2019-01-17,0.3272,3.61,3.2107,3.302,3.2187,0.2748,0.7409,1.5553,3.6596,5000000
3468,富荣货币B,2019-01-17,0.5154,2.073,2.2578,3.1615,3.1047,0.263,0.7454,1.5527,3.6602,5000000
4939,中欧滚钱宝货币C,2019-01-17,0.7896,2.939,2.9756,2.9796,2.9593,0.2489,0.7321,1.5688,3.6629,100
519507,万家货币B,2019-01-17,0.7812,2.886,2.9732,3.332,3.3221,0.2875,0.782,1.6642,3.6653,5000000
4904,人保货币B,2019-01-17,0.8084,3.054,3.1419,3.3314,3.2304,0.2751,0.7507,1.5281,3.6653,5000000
530002,建信货币A,2019-01-17,0.7106,3.535,3.2546,3.4489,3.3056,0.2827,0.7521,1.5744,3.6664,100
210012,金鹰货币A,2019-01-17,0.8758,2.96,3.1827,3.5368,3.4568,0.3065,0.7687,1.5874,3.6665,100
5230,长盛货币B,2019-01-17,0.7748,2.854,2.8501,2.949,2.9518,0.2479,0.7214,1.5438,3.6676,5000000
2852,招商财富宝交易型货币A,2019-01-17,0.7481,2.812,2.9152,3.3391,3.2266,0.2753,0.7551,1.5977,3.6679,100
2894,华夏天利货币A,2019-01-17,0.7289,2.832,2.9169,2.9156,2.9044,0.2423,0.7138,1.5547,3.6693,100
4282,博时兴荣货币,2019-01-17,0.8297,3.003,3.0341,3.2346,3.1437,0.2679,0.7034,1.4834,3.6695,100
4399,融通汇财宝货币E,2019-01-17,0.7894,2.95,3.0524,3.2347,3.2559,0.2724,0.7737,1.5892,3.6696,100
789,易方达龙宝货币A,2019-01-17,0.8081,2.994,3.001,3.1378,3.1272,0.2624,0.7662,1.6166,3.6736,100
620010,金元顺安金元宝货币A,2019-01-17,0.7085,2.886,2.9053,3.0007,2.9995,0.2535,0.7385,1.535,3.6796,100
3678,中融现金增利货币A,2019-01-17,0.8025,2.979,2.95,2.9357,2.9238,0.2459,0.7127,1.5704,3.6822,100
675061,西部利得天添富货币A,2019-01-17,0.8773,2.956,3.1864,3.4644,3.4561,0.2945,0.7842,1.6314,3.6823,100
560,诺安天天宝E,2019-01-17,0.7561,2.776,2.8679,3.0787,3.0667,0.258,0.7217,1.5145,3.6828,100
100028,富国天时货币B,2019-01-17,0.7651,2.752,2.8078,3.0697,3.0746,0.2572,0.7493,1.5784,3.686,5000000
217014,招商现金增值货币B,2019-01-17,0.7453,2.664,2.9824,3.7065,3.5187,0.3029,0.7708,1.6279,3.689,10000000
846,中融货币C,2019-01-17,0.7653,2.875,2.8666,3.097,3.0375,0.2572,0.7384,1.5747,3.6899,5000000
4372,金鹰增益货币A,2019-01-17,0.8602,3.108,3.2531,3.3432,3.283,0.2794,0.7821,1.6096,3.6911,100
3253,大成添益交易型货币B,2019-01-17,0.8564,3.188,3.284,3.3339,3.2597,0.2769,0.7462,1.522,3.6912,5000000
2788,融通现金宝货币A,2019-01-17,0.7775,3.071,2.7669,3.0525,3.0408,0.2553,0.7478,1.5901,3.6917,100
2324,南方日添益A,2019-01-17,0.7212,2.675,2.7714,2.8237,2.8399,0.2359,0.7402,1.6701,3.6942,100
665,博时现金收益货币B,2019-01-17,0.804,3.015,3.0482,3.0715,3.0506,0.2565,0.7413,1.5625,3.6963,5000000
730103,方正富邦货币B,2019-01-17,0.7662,2.831,3.2968,3.3147,3.2076,0.273,0.6987,1.5139,3.6967,5000000
2248,新疆前海联合海盈货币B,2019-01-17,0.7724,2.833,2.8835,3.4874,3.5271,0.2884,0.781,1.561,3.6971,5000000
4700,前海联合汇盈货币B,2019-01-17,0.8165,3.126,3.136,3.3746,3.3067,0.28,0.7664,1.603,3.6972,5000000
704,易方达天天增利货币A,2019-01-17,0.7708,2.967,2.9632,2.8184,2.7942,0.2353,0.7221,1.5681,3.6974,100
1909,创金合信货币,2019-01-17,0.6474,4.092,4.5816,3.8089,3.5394,0.307,0.7885,1.5818,3.6979,100
4186,江信增利货币B,2019-01-17,0.8581,2.691,2.7058,3.1917,3.1214,0.2644,0.7396,1.61,3.699,5000000
3535,浦银安盛日日丰货币B,2019-01-17,0.9214,3.551,3.5347,3.6496,3.6326,0.3131,0.8486,1.6665,3.7001,5000000
288101,华夏货币A,2019-01-17,0.7319,3.483,3.3747,3.4706,3.4135,0.2933,0.7639,1.561,3.701,100
4331,太平日日鑫货币B,2019-01-17,1.3641,4.318,3.396,3.2739,3.0725,0.2665,0.7098,1.609,3.7025,5000000
5017,长江优享货币B,2019-01-17,0.7746,2.991,3.0134,3.3723,3.2407,0.2785,0.7489,1.5782,3.703,5000000
4896,鹏华兴鑫宝货币,2019-01-17,0.788,2.953,2.9806,2.9676,2.9815,0.2486,0.7546,1.6243,3.7037,100
1894,泰达宏利活期友货币A,2019-01-17,0.7767,2.902,2.9903,3.22,3.3765,0.2659,0.7703,1.5707,3.704,100
4589,民生加银腾元宝货币B,,,,,,,0.2074,0.6893,1.6243,3.7043,5000000
3479,财通资管鑫管家货币A,2019-01-17,1.1274,3.009,3.0883,3.118,3.1098,0.2648,0.7917,1.6627,3.7062,100
1916,新沃通宝A,2019-01-17,0.8776,2.933,3.1405,3.7229,3.92,0.3119,0.9052,1.6997,3.709,100
569,鹏华增值宝货币,2019-01-17,0.7814,2.87,2.9978,3.0567,3.0227,0.255,0.7786,1.6873,3.7112,100
91022,大成现金增利货币B,2019-01-17,0.8644,3.076,3.0356,3.1231,3.0983,0.261,0.7272,1.5273,3.7212,5000000
161623,融通汇财宝货币B,2019-01-17,0.8034,3.002,3.1042,3.2862,3.3073,0.2767,0.7863,1.6148,3.7216,5000000
709,华安汇财通货币,2019-01-17,0.7743,2.994,2.9889,2.9925,3.0368,0.2507,0.7678,1.6387,3.7227,100
2912,兴业稳天盈货币A,2019-01-17,0.7386,2.795,2.8949,2.9863,2.9638,0.249,0.7181,1.6079,3.7237,100
4120,国富安享货币,2019-01-17,0.7766,2.89,3.0176,3.1686,3.1551,0.2655,0.7789,1.6313,3.7254,100
519510,浦银安盛货币B,2019-01-17,0.8106,3.079,3.1209,3.2983,3.2362,0.2791,0.7573,1.5765,3.728,5000000
3393,建信天添益货币C,2019-01-17,0.6609,2.431,2.5541,3.1727,3.1382,0.2656,0.7686,1.5723,3.7313,5000000
3391,建信天添益货币A,2019-01-17,0.6609,2.431,2.5537,3.1725,3.1381,0.2656,0.7686,1.5723,3.7314,100
917,嘉实快线货币A,2019-01-17,0.7932,3.011,3.0702,3.4144,3.4237,0.2874,0.823,1.6392,3.7354,100
725,大成添利宝货币B,2019-01-17,0.8242,3.074,3.0537,3.047,3.0469,0.2553,0.7353,1.6043,3.7402,5000000
748,广发活期宝货币A,2019-01-17,0.7868,2.994,3.1677,3.4374,3.3856,0.2862,0.7694,1.6092,3.7406,100
3998,泓德添利货币B,2019-01-17,1.8203,2.885,2.7362,3.725,3.5113,0.3041,0.7831,1.6623,3.7422,5000000
543,上银慧财宝货币B,2019-01-17,0.7984,2.946,3.1116,3.4639,3.3853,0.2869,0.7722,1.5906,3.7424,5000000
4863,泰康现金管家货币C,2019-01-17,0.7371,2.242,2.841,3.2705,3.1581,0.2668,0.7692,1.5931,3.7425,10000000
4862,泰康现金管家货币B,2019-01-17,0.7372,2.242,2.8411,3.2709,3.1585,0.2668,0.7692,1.5931,3.7425,5000000
464,嘉实活期宝货币,2019-01-17,0.7817,3.181,3.0987,3.0512,3.0488,0.2556,0.7718,1.6433,3.7445,100
3752,工银如意货币A,2019-01-17,0.7671,2.874,3.0749,3.0977,3.0284,0.2552,0.74,1.6159,3.7478,100
128011,国投瑞银货币B,2019-01-17,0.7549,3.17,3.0505,3.0633,3.0273,0.2559,0.7285,1.6244,3.7499,5000000
4968,红土创新货币B,2019-01-17,0.5839,2.409,2.8073,3.8341,3.7018,0.3181,0.7571,1.576,3.7536,5000000
4368,前海开源聚财宝A,2019-01-17,0.6971,3.158,3.1142,3.7664,3.7683,0.3034,0.7883,1.6291,3.7571,100
4984,鹏扬现金通利货币B,2019-01-17,0.7803,2.832,2.8842,3.0114,2.974,0.2505,0.7354,1.564,3.7578,5000000
4770,海富通添益货币A,2019-01-17,0.743,2.724,3.6016,3.5209,3.3831,0.2902,0.7443,1.5837,3.7593,100
3481,光大耀钱包货币B,2019-01-17,0.8591,3.163,2.9809,3.3719,3.289,0.2781,0.7743,1.6429,3.7608,5000000
1931,国寿安保鑫钱包货币,2019-01-17,0.8175,3.178,3.3949,3.3802,3.2915,0.28,0.7844,1.6736,3.7639,100
202307,南方收益宝货币A,2019-01-17,0.8085,3.051,3.0487,2.9901,2.9669,0.2492,0.7841,1.6679,3.7669,100
4971,南方天天宝货币B,2019-01-17,0.7557,2.742,2.9458,3.1656,3.122,0.2626,0.7605,1.7329,3.7712,100
482002,工银货币,2019-01-17,0.8086,3.176,3.4385,3.2427,3.183,0.2692,0.7953,1.7011,3.7725,100
270014,广发货币B,2019-01-17,0.7816,2.833,2.9065,3.0493,3.0555,0.2607,0.7462,1.5986,3.7726,5000000
588,招商招钱宝货币A,2019-01-17,0.7955,2.936,3.0574,3.1416,3.0907,0.2613,0.7585,1.6529,3.7754,100
647,易方达财富快线货币A,2019-01-17,0.8196,3.061,3.0949,3.1112,3.072,0.259,0.7644,1.655,3.7779,100
3246,华泰柏瑞天添宝货币A,2019-01-17,0.8015,3.071,3.2804,3.3393,3.276,0.2772,0.7667,1.6331,3.7824,100
2679,工银安盈货币A,2019-01-17,0.6549,2.422,2.4194,2.9235,2.8377,0.2459,0.6588,1.5102,3.7864,100
1391,天弘弘运宝货币B,2019-01-17,0.7053,2.929,2.8861,2.9067,2.8892,0.2443,0.7538,1.6034,3.7868,5000000
332,中加货币C,2019-01-17,0.7896,2.86,3.1781,3.6973,3.5357,0.3089,0.7807,1.5795,3.7923,5000000
678,华宝现金宝货币E,2019-01-17,0.7774,2.891,3.0231,3.2331,3.582,0.2681,0.796,1.657,3.7924,100
240007,华宝现金宝货币B,2019-01-17,0.7776,2.891,3.0234,3.2332,3.5821,0.2681,0.796,1.657,3.7924,5000000
4449,上银慧增利货币,2019-01-17,0.8326,3.051,3.1758,3.3305,3.2771,0.2815,0.7739,1.6296,3.7949,100
1992,农银天天利货币B,2019-01-17,0.7785,2.825,3.3658,4.0753,3.8343,0.3303,0.8273,1.7168,3.7952,5000000
3003,华夏现金增利货币A/E,2019-01-17,0.7718,3.302,3.538,3.3555,3.285,0.279,0.7658,1.5314,3.7956,100
40039,华安日日鑫货币B,2019-01-17,0.8144,3.069,3.1099,3.0819,3.0739,0.2578,0.7703,1.6219,3.7986,5000000
1401,德邦如意货币,2019-01-17,0.7485,3.342,3.1691,3.2965,3.3297,0.2801,0.8002,1.6924,3.8006,100
5134,长信长金通货币A,2019-01-17,0.9166,2.438,2.6983,2.8855,2.8795,0.2614,0.7323,1.6254,3.8058,100
540,国金金腾通货币A,2019-01-17,0.7738,2.94,2.6641,2.9901,3.0072,0.2493,0.8006,1.7178,3.808,100
1233,嘉合货币B,2019-01-17,0.7277,2.622,2.6809,3.9895,3.7473,0.3221,0.7941,1.6117,3.811,5000000
202302,南方现金增利货币B,2019-01-17,0.7884,2.972,3.0178,3.0877,3.0865,0.263,0.758,1.6346,3.8143,10000000
2889,交银天利宝货币A,2019-01-17,0.7089,2.629,2.8467,3.3112,3.2145,0.2737,0.7732,1.6551,3.8169,100
908,农银红利日结货币B,2019-01-17,0.8505,3.181,3.2029,3.2436,3.2079,0.27,0.7845,1.6723,3.8185,5000000
3034,平安交易型货币A,2019-01-17,0.8401,2.947,2.9835,3.2391,3.2406,0.2748,0.82,1.6562,3.822,100
476,广发天天利货币B,2019-01-17,0.8191,3.108,3.1758,3.2232,3.2163,0.2693,0.7484,1.5981,3.8244,5000000
70088,嘉实货币B,2019-01-17,0.8521,3.189,3.2862,3.2453,3.2287,0.2715,0.805,1.6968,3.8254,5000000
3402,安信活期宝货币A,2019-01-17,0.8087,3.026,3.072,3.0594,3.1133,0.2601,0.788,1.6688,3.8254,100
700,泰达宏利货币B,2019-01-17,0.4083,2.311,2.1717,4.5801,4.4724,0.3997,0.8706,1.6476,3.826,3000000
903,新华活期添利货币A,2019-01-17,0.8143,3.037,3.1591,3.1296,3.1044,0.2626,0.7762,1.693,3.8276,100
677,工银现金货币,2019-01-17,0.7933,3.181,3.3985,3.3308,3.2509,0.2753,0.8021,1.7061,3.8295,100
3712,泰达宏利京元宝货币B,2019-01-17,0.8273,3.104,3.2285,3.5054,3.4737,0.2956,0.7932,1.6245,3.8297,5000000
1982,富国收益宝交易型货币B,2019-01-17,0.7914,2.827,2.8262,3.0949,3.0965,0.2595,0.7541,1.6202,3.8312,100
4262,招商招禧宝货币B,2019-01-17,0.8121,3.156,3.4155,3.5882,3.4403,0.2943,0.8139,1.714,3.8323,5000000
730,博时现金宝货币A,2019-01-17,0.8595,3.225,3.2522,3.1821,3.24,0.2657,0.7839,1.6736,3.8349,100
600,汇添富和聚宝货币,2019-01-17,0.8035,3,3.1086,3.1533,3.148,0.2642,0.7798,1.6665,3.837,100
4369,前海开源聚财宝B,2019-01-17,0.7226,3.253,3.2063,3.8582,3.8596,0.3108,0.811,1.6752,3.8501,5000000
5150,红土创新优淳货币A,2019-01-17,0.696,2.434,4.1855,4.3457,4.0736,0.357,0.7934,1.6243,3.8541,100
660107,农银货币B,2019-01-17,0.7538,3.198,3.2993,3.4141,3.3952,0.2873,0.8116,1.7097,3.8587,5000000
1078,华夏现金宝货币B,2019-01-17,0.8133,3.115,3.2218,3.1811,3.1713,0.267,0.8216,1.6702,3.86,5000000
3465,平安金管家货币,2019-01-17,0.95,3.379,3.5697,3.3575,3.3829,0.2809,0.8326,1.7556,3.8626,100
2195,中银机构现金管理货币,2019-01-17,0.7327,2.782,2.9426,3.4866,3.4665,0.2892,0.7769,1.6419,3.8631,1000
1478,泰康薪意保货币B,2019-01-17,0.7781,3.029,3.3409,3.5079,3.4078,0.2891,0.7847,1.6662,3.8636,5000000
519517,汇添富货币B,2019-01-17,0.8382,3.087,3.1578,3.3794,3.3567,0.2827,0.8066,1.6995,3.8644,5000000
2883,华润元大现金通货币A,2019-01-17,0.6937,2.817,2.9506,2.9363,2.878,0.2438,0.7372,1.607,3.8692,100
4717,万家天添宝货币A,2019-01-17,0.8178,3.015,3.4848,3.2821,3.2542,0.274,0.8016,1.7173,3.8703,100
4078,金信民发货币B,2019-01-17,0.7859,2.829,2.9738,4.2545,3.9728,0.3436,0.8411,1.6972,3.8704,5000000
392002,中海货币B,2019-01-17,0.7118,2.567,2.6684,3.5905,3.5375,0.2937,0.822,1.6596,3.873,5000000
690210,民生加银现金增利货币B,2019-01-17,0.7764,2.821,2.9393,3.4657,3.3366,0.2852,0.7813,1.6958,3.8731,5000000
605,银华多利宝货币B,2019-01-17,0.8222,3.09,3.1504,3.3569,3.3042,0.2789,0.7783,1.6813,3.8737,5000000
4097,农银汇理日日鑫交易型货币A,2019-01-17,0.8251,3.406,3.36,3.3778,3.3156,0.2801,0.7977,1.7034,3.8752,100
759,平安财富宝货币,2019-01-17,0.8744,3.345,3.3011,3.1784,3.2084,0.267,0.7929,1.7095,3.8886,100
4373,金鹰增益货币B,2019-01-17,0.913,3.306,3.4499,3.5406,3.4809,0.2958,0.8306,1.7136,3.8939,5000000
3022,建信现金添益货币A,2019-01-17,0.84,3.144,3.2839,3.3325,3.3063,0.2779,0.8008,1.6993,3.8951,100
3473,南方天天利货币A,2019-01-17,0.8514,3.153,3.1657,3.1966,3.1981,0.2679,0.7933,1.719,3.8961,100
860,银华惠增利货币,2019-01-17,0.8339,3.061,3.2882,3.6071,3.5189,0.2991,0.7883,1.6889,3.8973,100
4217,兴业安润货币B,2019-01-17,0.8425,3.102,3.1527,3.2196,3.206,0.2692,0.7791,1.6811,3.9008,5000000
699,中银薪钱包货币,2019-01-17,0.829,3.138,3.261,3.1533,3.1528,0.2643,0.7954,1.7071,3.9042,100
10,易方达天天理财货币B,2019-01-17,0.862,3.236,3.3367,3.3035,3.261,0.2748,0.8072,1.722,3.9051,5000000
1386,天弘弘运宝货币A,2019-01-17,0.7736,3.186,3.088,3.0591,3.0315,0.2565,0.7829,1.6585,3.9056,100
340005,兴全货币A,2019-01-17,0.7624,3.041,3.05,3.0875,3.0846,0.2631,0.7755,1.6652,3.9093,100
533,永赢货币,2019-01-17,0.8145,3.238,3.2762,3.9583,3.8018,0.329,0.8631,1.7883,3.912,100
2183,广发天天红货币B,2019-01-17,0.8162,3.122,3.1853,3.3057,3.3041,0.2774,0.7948,1.6862,3.9132,100
3185,建信货币B,2019-01-17,0.7757,3.785,3.5003,3.696,3.5528,0.3031,0.8131,1.6974,3.9154,5000000
2895,华夏天利货币B,2019-01-17,0.7937,3.077,3.1616,3.1604,3.1488,0.2625,0.7729,1.6759,3.9165,5000000
210013,金鹰货币B,2019-01-17,0.9429,3.215,3.4208,3.7786,3.6997,0.3271,0.8299,1.7107,3.9167,5000000
493,南方现金通货币A,2019-01-17,0.8434,3.103,3.1649,3.1514,3.177,0.2667,0.8021,1.7339,3.9224,100
790,易方达龙宝货币B,2019-01-17,0.8738,3.241,3.2502,3.3863,3.3756,0.2828,0.8272,1.7399,3.9229,5000000
620011,金元顺安金元宝货币B,2019-01-17,0.7744,3.127,3.1431,3.2385,3.2379,0.2738,0.7999,1.6589,3.9293,5000000
638,富国富钱包货币,2019-01-17,0.7957,3.006,3.0315,3.0845,3.0737,0.2587,0.7731,1.7014,3.9302,100
3537,招商招利宝货币A,2019-01-17,0.8175,3.099,3.1963,3.5277,3.4323,0.2918,0.8044,1.7198,3.9303,100
675062,西部利得天添富货币B,2019-01-17,0.9456,3.195,3.4202,3.7048,3.6984,0.3143,0.8447,1.7544,3.9308,5000000
3679,中融现金增利货币C,2019-01-17,0.8678,3.228,3.1991,3.1847,3.1728,0.2665,0.774,1.6939,3.9322,5000000
1096,国寿安保聚宝盆货币,2019-01-17,0.8211,3.061,3.2448,3.1266,3.1336,0.2616,0.8035,1.7279,3.9368,100
1826,国寿安保增金宝货币,2019-01-17,0.7878,2.92,3.0597,3.2321,3.2913,0.2786,0.8518,1.8016,3.9371,100
3281,广发活期宝货币B,2019-01-17,0.8387,3.19,3.3638,3.6339,3.5821,0.3024,0.8178,1.7069,3.9381,5000000
4398,融通现金宝货币B,2019-01-17,0.8432,3.319,3.0144,3.2997,3.2882,0.2757,0.8087,1.7133,3.9414,100
705,易方达天天增利货币B,2019-01-17,0.8369,3.215,3.2114,3.0663,3.0421,0.2558,0.7832,1.6913,3.9468,5000000
5135,长信长金通货币B,2019-01-17,0.9553,2.584,2.8414,3.0192,3.0155,0.2733,0.768,1.6975,3.9519,150000000
1895,泰达宏利活期友货币B,2019-01-17,0.8423,3.15,3.2391,3.4685,3.6249,0.2863,0.8314,1.6942,3.9531,5000000
3480,财通资管鑫管家货币B,2019-01-17,1.1932,3.256,3.331,3.3654,3.358,0.2853,0.8527,1.7859,3.9555,5000000
2302,新沃通宝B,2019-01-17,0.9439,3.181,3.3892,3.9723,4.1697,0.3323,0.9663,1.8232,3.9588,5000000
856,上投摩根天添盈货币B,,,,,,,0.2902,0.9473,1.9787,3.9644,5000000
1234,国金众赢货币,2019-01-17,0.872,3.13,3.152,3.6206,3.8289,0.3086,0.8619,1.8057,3.9667,100
5202,兴业稳天盈货币B,2019-01-17,0.8035,3.041,3.1418,3.2338,3.2113,0.2695,0.7791,1.731,3.9729,3000000
3753,工银如意货币B,2019-01-17,0.8334,3.121,3.3227,3.3458,3.2765,0.2757,0.8012,1.7394,3.9972,10000000
4771,海富通添益货币B,2019-01-17,0.8062,2.969,3.8403,3.7677,3.632,0.3107,0.8054,1.7061,4.007,5000000
2884,华润元大现金通货币B,2019-01-17,0.7327,2.962,3.0956,3.0815,3.0233,0.2559,0.7729,1.679,4.0148,5000000
3792,民生加银现金宝货币C,2019-01-17,0.8998,3.621,3.6601,3.3742,3.3576,0.2812,0.8457,1.8013,4.0163,100
202308,南方收益宝货币B,2019-01-17,0.8743,3.3,3.2978,3.2408,3.2165,0.2699,0.8452,1.7913,4.0166,100
648,易方达财富快线货币B,2019-01-17,0.8858,3.31,3.3441,3.3602,3.3209,0.2796,0.8255,1.7784,4.0274,5000000
662,银华活钱宝货币F,2019-01-17,0.8435,3.183,3.3535,3.5772,3.563,0.3016,0.8143,1.7769,4.0284,100
891,博时现金宝货币B,2019-01-17,0.9147,3.432,3.4599,3.3891,3.447,0.2828,0.8349,1.7766,4.0292,100
3871,华泰柏瑞天添宝货币B,2019-01-17,0.8667,3.313,3.5225,3.5848,3.5223,0.2975,0.8277,1.7565,4.0323,100
5148,新华活期添利货币E,2019-01-17,0.8691,3.244,3.3666,3.3366,3.3112,0.2796,0.827,1.7957,4.0354,100
2680,工银安盈货币B,2019-01-17,0.7428,2.676,2.662,3.1671,3.0808,0.2667,0.7202,1.634,4.0355,30000000
836,国投瑞银钱多宝货币A,2019-01-17,0.8886,3.326,3.4103,3.3561,3.3178,0.2794,0.8181,1.7886,4.0364,100
837,国投瑞银钱多宝货币I,2019-01-17,0.8886,3.326,3.4103,3.3561,3.3178,0.2794,0.8181,1.7886,4.0365,100
1666,鹏华添利宝货币,2019-01-17,0.8682,3.12,3.2941,3.3136,3.3168,0.2774,0.8388,1.7965,4.0555,100
4718,万家天添宝货币B,2019-01-17,0.8706,3.206,3.6794,3.4778,3.4501,0.2902,0.8498,1.8146,4.0672,30000000
4167,安信活期宝货币B,2019-01-17,0.8752,3.276,3.3229,3.3092,3.3626,0.2807,0.8491,1.7923,4.0749,5000000
3264,新华活期添利货币B,2019-01-17,0.8802,3.285,3.4081,3.3782,3.3529,0.2831,0.8373,1.8162,4.077,5000000
4972,长城收益宝货币A,2019-01-17,0.8516,3.283,3.425,3.4042,3.3744,0.2845,0.8322,1.8229,4.0868,100
4545,永赢天天利货币,2019-01-17,0.7627,3.357,3.4633,4.2003,4.0693,0.3495,0.9152,1.8758,4.1009,100
5151,红土创新优淳货币B,2019-01-17,0.7698,2.684,4.414,4.5848,4.3146,0.3766,0.8538,1.7472,4.1017,5000000
3474,南方天天利货币B,2019-01-17,0.9171,3.401,3.4132,3.4449,3.4464,0.2883,0.8543,1.842,4.1452,100
4137,博时合惠货币B,2019-01-17,0.9255,3.431,3.4677,3.539,3.5686,0.2953,0.8716,1.833,4.1494,5000000
4417,兴全货币B,2019-01-17,0.8284,3.282,3.2912,3.3285,3.3254,0.2837,0.8366,1.7852,4.1563,5000000
3538,招商招利宝货币B,2019-01-17,0.8833,3.347,3.4428,3.7756,3.6805,0.3122,0.8655,1.843,4.1798,50000
4973,长城收益宝货币B,2019-01-17,0.9166,3.529,3.6732,3.6528,3.6231,0.305,0.8934,1.9462,4.3363,100