p_code,p_name,start_date,earning,earn_7d,earn_14d,earn_28d,earn_35d,path_1m,path_3m,path_6m,path_1y,start_money
004473,前海开源尊享货币A,2019-01-18,,,,,,0.3348,0.6355,1.2551,3.0922,1000.0
004474,前海开源尊享货币B,2019-01-18,,,,,,0.3567,0.6971,1.3759,3.3195,5000000.0
000982,北信瑞丰现金添利B,2019-01-18,2.9465,4.037,3.3499,3.0461,2.9614,0.2515,0.8151,1.5279,3.5318,5000000.0
000981,北信瑞丰现金添利A,2019-01-18,2.8805,3.785,3.0999,2.797,2.7125,0.2309,0.7544,1.4052,3.2833,100.0
003468,富荣货币B,2019-01-18,2.6965,3.03,2.8111,3.4063,3.3128,0.2822,0.7654,1.5708,3.6758,5000000.0
003467,富荣货币A,2019-01-18,2.6308,2.78,2.5585,3.1547,3.0615,0.2615,0.7041,1.4478,3.4267,100.0
004179,圆信永丰丰润货币B,2019-01-18,2.188,2.692,2.8171,3.3864,3.3077,0.2829,0.7399,1.5438,3.6506,100.0
004331,太平日日鑫货币B,2019-01-18,2.1609,4.753,3.7643,3.4693,3.2479,0.2825,0.7249,1.6212,3.713,5000000.0
004178,圆信永丰丰润货币A,2019-01-18,2.1365,2.533,2.6608,3.2172,3.1332,0.2685,0.6921,1.4379,3.4175,100.0
004330,太平日日鑫货币A,2019-01-18,2.0954,4.502,3.5156,3.2212,3.0004,0.262,0.6652,1.5009,3.4665,100.0
004369,前海开源聚财宝B,2019-01-18,1.7367,3.404,3.4342,3.5619,3.6825,0.322,0.821,1.6847,3.8546,5000000.0
000872,北信瑞丰宜投宝B,2019-01-18,1.7312,3.688,3.3797,3.3786,3.2708,0.2762,0.7485,1.5881,3.6515,5000000.0
004368,前海开源聚财宝A,2019-01-18,1.7116,3.309,3.3419,3.4703,3.5913,0.3144,0.7981,1.6385,3.7615,100.0
000871,北信瑞丰宜投宝A,2019-01-18,1.6654,3.436,3.1298,3.1294,3.0227,0.2557,0.6875,1.4648,3.4015,100.0
005151,红土创新优淳货币B,2019-01-18,1.6167,3.178,4.1757,4.6938,4.4104,0.3855,0.8622,1.7533,4.1054,5000000.0
000902,国开货币B,2019-01-18,1.5908,2.945,2.7827,2.9573,2.8691,0.2489,0.7107,1.5575,3.65,5000000.0
005150,红土创新优淳货币A,2019-01-18,1.5451,2.918,3.9446,4.4541,4.1686,0.3657,0.8018,1.6304,3.8576,100.0
000901,国开货币A,2019-01-18,1.525,2.698,2.5424,2.7168,2.6284,0.2284,0.6498,1.4345,3.4005,100.0
690210,民生加银现金增利货币B,2019-01-18,1.4306,3.184,3.0841,3.5193,3.4106,0.2922,0.7881,1.6992,3.8758,5000000.0
004097,农银汇理日日鑫交易型货币A,2019-01-18,1.3748,3.421,3.489,3.3976,3.3747,0.2855,0.8029,1.7066,3.8769,100.0
690010,民生加银现金增利货币A,2019-01-18,1.365,2.936,2.8364,3.2706,3.162,0.2717,0.727,1.576,3.6266,100.0
004373,金鹰增益货币B,2019-01-18,1.2365,3.505,3.5162,3.5816,3.5254,0.2975,0.8326,1.7152,3.8939,5000000.0
000425,长盛添利宝货币B,2019-01-18,1.224,2.749,2.8787,2.9952,3.0552,0.2487,0.6989,1.4344,3.4388,5000000.0
000381,景顺长城景益货币B,2019-01-18,1.2001,3.263,3.1911,3.1626,3.1429,0.2652,0.7551,1.5915,3.531,5000000.0
004545,永赢天天利货币,2019-01-18,1.1958,3.305,3.5177,4.1849,4.0722,0.3524,0.9185,1.8771,4.1005,100.0
004372,金鹰增益货币A,2019-01-18,1.1853,3.306,3.3197,3.3844,3.3276,0.2813,0.7842,1.6113,3.6911,100.0
000424,长盛添利宝货币A,2019-01-18,1.1584,2.498,2.627,2.7451,2.808,0.2281,0.638,1.3118,3.1909,100.0
000380,景顺长城景益货币A,2019-01-18,1.135,3.017,2.9447,2.9167,2.8974,0.2448,0.6944,1.4693,3.2854,100.0
004904,人保货币B,2019-01-18,1.1309,3.21,3.2239,3.3717,3.2709,0.2786,0.7549,1.5308,3.6635,5000000.0
003267,新华壹诺宝货币B,2019-01-18,1.0751,4.029,3.5411,3.1674,3.096,0.2639,0.7556,1.553,3.6017,5000000.0
004903,人保货币A,2019-01-18,1.0649,2.96,2.9682,3.1204,3.0233,0.2582,0.6941,1.408,3.4148,100.0
000883,中金现金管家B,2019-01-20,1.0537,3.18,3.5249,3.4091,3.3366,0.2896,0.7558,1.5691,3.6654,5000000.0
001401,德邦如意货币,2019-01-18,1.0492,3.368,3.1338,3.1681,3.2974,0.2739,0.8031,1.6896,3.8002,100.0
675062,西部利得天添富货币B,2019-01-18,1.0285,3.286,3.4298,3.6579,3.7165,0.314,0.8469,1.7543,3.9292,5000000.0
000434,新华壹诺宝货币A,2019-01-18,1.008,3.78,3.294,2.9208,2.849,0.2435,0.6947,1.4301,3.3532,100.0
005135,长信长金通货币B,2019-01-18,0.9994,2.77,2.8698,3.0337,3.0352,0.2751,0.7698,1.6964,3.95,150000000.0
710502,富安达现金通货币B,2019-01-18,0.9975,3.211,3.3221,3.4282,3.2582,0.2811,0.7251,1.425,3.3426,5000000.0
003480,财通资管鑫管家货币B,2019-01-18,0.9647,3.251,3.352,3.3728,3.3793,0.2845,0.8547,1.786,3.9535,5000000.0
675061,西部利得天添富货币A,2019-01-18,0.9607,3.04,3.1949,3.4175,3.4739,0.2941,0.7864,1.6313,3.6806,100.0
005134,长信长金通货币A,2019-01-18,0.9605,2.625,2.726,2.9,2.8992,0.2631,0.7339,1.6242,3.804,100.0
002318,鹏华添利交易型货币A,2019-01-18,0.9525,2.535,2.5813,2.9548,2.9244,0.2482,0.685,1.4007,3.3376,100.0
004863,泰康现金管家货币C,2019-01-18,0.9521,2.455,2.7043,3.3078,3.1757,0.2737,0.7717,1.5924,3.7396,10000000.0
004862,泰康现金管家货币B,2019-01-18,0.9521,2.455,2.7046,3.3082,3.1761,0.2738,0.7717,1.5924,3.7396,5000000.0
001931,国寿安保鑫钱包货币,2019-01-18,0.9471,3.224,3.3829,3.394,3.3101,0.2814,0.7858,1.6726,3.7614,100.0
710501,富安达现金通货币A,2019-01-18,0.932,2.963,3.0727,3.1804,3.0107,0.2606,0.664,1.3021,3.0939,100.0
000533,永赢货币,2019-01-18,0.9306,3.253,3.2711,3.9286,3.8102,0.3303,0.8637,1.7867,3.9104,100.0
001909,创金合信货币,2019-01-18,0.9294,3.819,4.5745,3.8323,3.5665,0.3096,0.7903,1.5826,3.695,100.0
004137,博时合惠货币B,2019-01-20,0.9285,3.437,3.4327,3.5372,3.5656,0.2952,0.8716,1.8294,4.146,5000000.0
000882,中金现金管家A,2019-01-20,0.9222,2.937,3.2758,3.1609,3.0883,0.2692,0.6948,1.4461,3.4161,100.0
004973,长城收益宝货币B,2019-01-19,0.9219,3.469,3.6392,3.6385,3.6245,0.3043,0.8931,1.9435,4.3322,100.0
675032,西部利得天添鑫货币B,2019-01-18,0.9179,2.929,3.1709,3.5015,3.4389,0.2912,0.7515,1.5392,3.554,5000000.0
003474,南方天天利货币B,2019-01-19,0.9092,3.398,3.4064,3.437,3.4428,0.2882,0.8543,1.8396,4.1416,100.0
000891,博时现金宝货币B,2019-01-20,0.9087,3.393,3.4374,3.3973,3.4514,0.283,0.8352,1.774,4.0233,100.0
000908,农银红利日结货币B,2019-01-18,0.905,3.209,3.2106,3.2488,3.216,0.2708,0.7851,1.671,3.8153,5000000.0
003479,财通资管鑫管家货币A,2019-01-18,0.8983,3.004,3.1059,3.1255,3.1312,0.2641,0.7936,1.6628,3.7043,100.0
004417,兴全货币B,2019-01-18,0.8967,3.253,3.2844,3.3213,3.333,0.2841,0.8383,1.7856,4.152,5000000.0
000836,国投瑞银钱多宝货币A,2019-01-18,0.8902,3.319,3.4008,3.3096,3.3222,0.2797,0.8194,1.7822,4.0324,100.0
000837,国投瑞银钱多宝货币I,2019-01-18,0.8902,3.319,3.4008,3.3096,3.3222,0.2797,0.8194,1.7822,4.0325,100.0
000648,易方达财富快线货币B,2019-01-18,0.8896,3.303,3.3493,3.3621,3.326,0.28,0.8256,1.7763,4.0236,5000000.0
000569,鹏华增值宝货币,2019-01-18,0.8885,2.931,2.9783,3.0581,3.0333,0.2562,0.7776,1.6861,3.7093,100.0
519998,长信利息收益货币B,2019-01-18,0.8864,2.818,3.1591,3.0013,2.9165,0.2646,0.6997,1.4062,3.3381,5000000.0
003538,招商招利宝货币B,2019-01-19,0.8847,3.32,3.3955,3.7598,3.6837,0.3119,0.8654,1.8396,4.1757,50000.0
004861,泰康现金管家货币A,2019-01-18,0.8834,2.209,2.4583,3.0597,2.9277,0.2533,0.7106,1.4691,3.4913,100.0
005202,兴业稳天盈货币B,2019-01-18,0.8832,3.086,3.1406,3.2038,3.2132,0.2698,0.7806,1.7287,3.9691,3000000.0
001666,鹏华添利宝货币,2019-01-18,0.8831,3.139,3.2756,3.316,3.3163,0.2765,0.8387,1.7936,4.0516,100.0
004718,万家天添宝货币B,2019-01-18,0.882,3.205,3.6533,3.471,3.4502,0.2903,0.8496,1.8119,4.0635,30000000.0
210013,金鹰货币B,2019-01-18,0.8813,3.232,3.3505,3.7656,3.7048,0.3253,0.831,1.7093,3.9129,5000000.0
202308,南方收益宝货币B,2019-01-19,0.8795,3.273,3.2989,3.2411,3.2171,0.2713,0.8461,1.7907,4.0163,100.0
128011,国投瑞银货币B,2019-01-18,0.879,3.222,3.0655,3.1197,3.0401,0.2585,0.7277,1.6208,3.7487,5000000.0
003264,新华活期添利货币B,2019-01-18,0.8748,3.276,3.406,3.382,3.3552,0.281,0.8365,1.8139,4.0729,5000000.0
180009,银华货币B,2019-01-18,0.8719,3.188,3.2063,3.2326,3.205,0.2704,0.7212,1.5002,3.4709,5000000.0
003679,中融现金增利货币C,2019-01-18,0.8709,3.226,3.2085,3.1846,3.1768,0.2667,0.7744,1.6916,3.9276,5000000.0
003481,光大耀钱包货币B,2019-01-18,0.8689,3.173,3.0088,3.3734,3.2951,0.2787,0.7752,1.6413,3.7578,5000000.0
000759,平安财富宝货币,2019-01-19,0.8677,3.369,3.3566,3.194,3.2123,0.2676,0.7931,1.7086,3.8866,100.0
675072,西部利得天添金货币B,2019-01-18,0.867,2.993,3.1256,4.0252,4.0868,0.3376,0.6303,1.3016,3.2496,5000000.0
003792,民生加银现金宝货币C,2019-01-18,0.8669,3.521,3.5359,3.3743,3.3541,0.2811,0.8451,1.7989,4.0129,100.0
000010,易方达天天理财货币B,2019-01-18,0.8657,3.227,3.3188,3.3069,3.2642,0.2754,0.8072,1.7201,3.9016,5000000.0
003871,华泰柏瑞天添宝货币B,2019-01-18,0.8654,3.307,3.471,3.5727,3.5218,0.2972,0.8278,1.7541,4.0285,100.0
005148,新华活期添利货币E,2019-01-18,0.8637,3.235,3.3645,3.3405,3.3135,0.2775,0.8263,1.7934,4.0312,100.0
004167,安信活期宝货币B,2019-01-18,0.8625,3.259,3.3111,3.3102,3.3642,0.2757,0.8488,1.7879,4.0707,5000000.0
519999,长信利息收益货币A,2019-01-18,0.8617,2.725,3.0653,2.915,2.8291,0.257,0.6769,1.3253,3.1326,100.0
519507,万家货币B,2019-01-18,0.8608,2.917,2.9676,3.2923,3.3298,0.2866,0.7825,1.6625,3.6627,5000000.0
001895,泰达宏利活期友货币B,2019-01-18,0.8594,3.157,3.223,3.3554,3.3941,0.2868,0.8314,1.693,3.9518,5000000.0
003253,大成添益交易型货币B,2019-01-18,0.8578,3.185,3.2591,3.3335,3.2587,0.2774,0.7474,1.5217,3.6871,5000000.0
004972,长城收益宝货币A,2019-01-19,0.8562,3.223,3.3912,3.39,3.3758,0.2837,0.832,1.8201,4.0827,100.0
000790,易方达龙宝货币B,2019-01-19,0.8557,3.226,3.2418,3.3732,3.3677,0.2825,0.8272,1.7386,3.9194,5000000.0
000662,银华活钱宝货币F,2019-01-18,0.8544,3.178,3.3125,3.5702,3.5611,0.3013,0.8152,1.7752,4.0239,100.0
000730,博时现金宝货币A,2019-01-20,0.8539,3.186,3.2299,3.1902,3.2444,0.2659,0.7843,1.6711,3.8286,100.0
004217,兴业安润货币B,2019-01-18,0.849,3.108,3.143,3.2167,3.2065,0.269,0.7794,1.6785,3.8965,5000000.0
675031,西部利得天添鑫货币A,2019-01-18,0.8484,2.676,2.9181,3.2495,3.1866,0.2704,0.6899,1.4158,3.3058,100.0
003281,广发活期宝货币B,2019-01-19,0.8482,3.177,3.2725,3.577,3.5705,0.3009,0.8182,1.7043,3.9332,5000000.0
003473,南方天天利货币A,2019-01-19,0.8435,3.15,3.159,3.1887,3.1945,0.2676,0.7933,1.7166,3.8926,100.0
003465,平安金管家货币,2019-01-19,0.8426,3.394,3.5227,3.366,3.3521,0.2814,0.8345,1.7554,3.861,100.0
003022,建信现金添益货币A,2019-01-20,0.8425,3.134,3.2147,3.309,3.3014,0.2777,0.8009,1.6974,3.8912,100.0
001176,山证日日添利货币B,2019-01-18,0.8416,3.176,3.1177,3.23,3.2238,0.2702,0.7868,1.5802,3.5031,5000000.0
003753,工银如意货币B,2019-01-19,0.8405,3.112,3.244,3.3424,3.2729,0.2769,0.8002,1.736,3.9933,10000000.0
000705,易方达天天增利货币B,2019-01-19,0.84,3.205,3.1973,3.0677,3.0486,0.2562,0.7826,1.6889,3.9423,5000000.0
000907,农银红利日结货币A,2019-01-18,0.8391,2.961,2.9628,3.0007,2.9681,0.2503,0.724,1.5477,3.5665,100.0
519517,汇添富货币B,2019-01-18,0.8382,3.092,3.1965,3.3652,3.3549,0.282,0.8064,1.697,3.8603,5000000.0
000699,中银薪钱包货币,2019-01-19,0.8369,3.108,3.2481,3.1556,3.1471,0.2635,0.7953,1.7044,3.9008,100.0
000605,银华多利宝货币B,2019-01-18,0.8336,3.087,3.135,3.2758,3.3073,0.2789,0.7793,1.6793,3.8691,5000000.0
000860,银华惠增利货币,2019-01-18,0.8325,3.064,3.2387,3.5822,3.5211,0.2986,0.789,1.6866,3.893,100.0
070088,嘉实货币B,2019-01-20,0.8325,3.146,3.2785,3.2417,3.237,0.272,0.8057,1.6961,3.8227,5000000.0
000332,中加货币C,2019-01-18,0.8323,2.888,3.1354,3.6888,3.5428,0.3092,0.781,1.5788,3.7881,5000000.0
004749,华泰紫金天天金交易型货币B,2019-01-18,0.8317,3.107,3.3085,3.5175,3.4849,0.2899,0.8003,1.5859,3.4053,100.0
004449,上银慧增利货币,2019-01-20,0.8311,3.04,3.0995,3.3029,3.2785,0.2814,0.7742,1.6278,3.7907,100.0
340005,兴全货币A,2019-01-18,0.8306,3.012,3.0432,3.0803,3.0921,0.2637,0.7772,1.6656,3.9051,100.0
002895,华夏天利货币B,2019-01-19,0.8297,2.986,3.1306,3.1437,3.1137,0.2627,0.7732,1.6732,3.9123,5000000.0
004282,博时兴荣货币,2019-01-20,0.8291,3.049,3.0192,3.2343,3.1751,0.2687,0.7044,1.4818,3.664,100.0
004717,万家天添宝货币A,2019-01-18,0.8288,3.012,3.4587,3.2752,3.2542,0.2742,0.8015,1.7146,3.8668,100.0
000725,大成添利宝货币B,2019-01-18,0.8285,3.069,3.0568,3.0449,3.0453,0.2554,0.7357,1.6018,3.7359,5000000.0
004700,前海联合汇盈货币B,2019-01-19,0.8249,3.027,3.1252,3.3687,3.3097,0.28,0.767,1.6012,3.6925,5000000.0
001096,国寿安保聚宝盆货币,2019-01-18,0.8245,3.057,3.2246,3.123,3.1283,0.2616,0.8035,1.7256,3.9335,100.0
000647,易方达财富快线货币A,2019-01-18,0.8235,3.054,3.1002,3.1131,3.077,0.2595,0.7644,1.653,3.7742,100.0
040039,华安日日鑫货币B,2019-01-18,0.8227,3.06,3.101,3.0813,3.0746,0.2579,0.77,1.6196,3.7938,5000000.0
519506,海富通货币B,2019-01-18,0.8225,2.865,2.9014,3.058,3.0795,0.2631,0.7441,1.5413,3.6124,5000000.0
091022,大成现金增利货币B,2019-01-18,0.8222,3.1,3.0281,3.1136,3.1014,0.261,0.7269,1.5251999999999999,3.7169,5000000.0
003537,招商招利宝货币A,2019-01-19,0.819,3.072,3.1487,3.512,3.4355,0.2915,0.8044,1.7165,3.9261,100.0
001078,华夏现金宝货币B,2019-01-19,0.8175,3.094,3.1752,3.1724,3.1691,0.2669,0.8109,1.6681,3.8557,5000000.0
002912,兴业稳天盈货币A,2019-01-18,0.8172,2.839,2.8935,2.9564,2.9656,0.2495,0.7195,1.6058,3.7199,100.0
000707,景顺长城景丰货币B,2019-01-18,0.815,3.283,3.2107,3.1734,3.0864,0.2671,0.7316,1.4689,3.4311,5000000.0
210012,金鹰货币A,2019-01-18,0.8147,2.977,3.1077,3.5237,3.4618,0.3048,0.7698,1.586,3.6626,100.0
000980,汇添富添富通货币B,2019-01-18,0.8141,2.966,3.0824,3.4132,3.3859,0.2833,0.8074,1.5374,3.3687,5000000.0
202307,南方收益宝货币A,2019-01-19,0.8137,3.025,3.05,2.9906,2.967,0.2505,0.7851,1.6673,3.7667,100.0
420106,天弘现金管家货币B,2019-01-18,0.8132,3.097,3.1179,3.0686,3.0579,0.26,0.7726,1.5038,3.6205,5000000.0
004262,招商招禧宝货币B,2019-01-18,0.8129,3.128,3.3523,3.5904,3.446,0.2948,0.8131,1.7112,3.8292,5000000.0
000476,广发天天利货币B,2019-01-19,0.8126,3.072,3.1362,3.2059,3.2139,0.269,0.7488,1.5957,3.8194,5000000.0
121011,国投瑞银货币A,2019-01-18,0.8126,2.972,2.8182,2.8717,2.7921,0.238,0.6663,1.4977,3.4999,100.0
002183,广发天天红货币B,2019-01-19,0.8117,3.126,3.125,3.2794,3.2931,0.2767,0.7942,1.6843,3.9079,100.0
482002,工银货币,2019-01-18,0.8098,3.105,3.3614,3.2437,3.1839,0.2692,0.7942,1.6984,3.7689,100.0
620011,金元顺安金元宝货币B,2019-01-20,0.8097,3.159,3.1276,3.2144,3.2332,0.2738,0.7969,1.6566,3.9265,5000000.0
000903,新华活期添利货币A,2019-01-18,0.8089,3.028,3.1571,3.1335,3.1067,0.2605,0.7755,1.6907,3.8235,100.0
000600,汇添富和聚宝货币,2019-01-20,0.8077,2.984,3.0585,3.1424,3.1494,0.2629,0.7792,1.6639,3.8328,100.0
519510,浦银安盛货币B,2019-01-18,0.8076,3.073,3.0977,3.283,3.238,0.2788,0.7574,1.5745,3.7235,5000000.0
180008,银华货币A,2019-01-18,0.8072,2.945,2.9614,2.9883,2.9619,0.2503,0.661,1.3798,3.2255,100.0
004771,海富通添益货币B,2019-01-18,0.8059,2.973,3.5644,3.7477,3.6333,0.3103,0.8055,1.704,4.0011,5000000.0
003678,中融现金增利货币A,2019-01-18,0.8048,2.977,2.9595,2.9357,2.9279,0.2462,0.7131,1.568,3.6776,100.0
000665,博时现金收益货币B,2019-01-20,0.8047,2.991,3.0286,3.0358,3.0522,0.2565,0.7413,1.56,3.6928,5000000.0
161623,融通汇财宝货币B,2019-01-19,0.8047,2.557,3.058,3.2536,3.2852,0.2753,0.7864,1.6129,3.7175,5000000.0
001973,光大耀钱包货币A,2019-01-18,0.8029,2.926,2.7634,3.1261,3.0478,0.2583,0.7143,1.5184,3.5098,100.0
675071,西部利得天添金货币A,2019-01-18,0.8019,2.709,2.8609,3.7717,3.8421,0.3176,0.5685,1.1773,3.0002,100.0
000493,南方现金通货币A,2019-01-19,0.8008,3.077,3.1279,3.1423,3.1717,0.2655,0.8007,1.731,3.9185,100.0
000009,易方达天天理财货币A,2019-01-19,0.7996,2.97,3.0534,3.059,3.0189,0.2549,0.7461,1.5968,3.6525,10.0
003246,华泰柏瑞天添宝货币A,2019-01-18,0.7979,3.061,3.2284,3.327,3.2754,0.2769,0.7667,1.6307,3.7786,100.0
000543,上银慧财宝货币B,2019-01-20,0.7973,2.949,2.9824,3.4211,3.3781,0.2866,0.7723,1.5887,3.7381,5000000.0
004078,金信民发货币B,2019-01-19,0.7968,2.876,2.8592,4.2413,3.9802,0.3437,0.8282,1.6943,3.8661,5000000.0
001982,富国收益宝交易型货币B,2019-01-18,0.7963,2.848,2.835,3.0844,3.1003,0.2593,0.7543,1.6182,3.8269,100.0
000748,广发活期宝货币A,2019-01-19,0.7962,2.981,3.0766,3.3805,3.3741,0.2847,0.7698,1.6067,3.7358,100.0
003402,安信活期宝货币A,2019-01-18,0.7961,3.01,3.0606,3.0604,3.1146,0.2553,0.7879,1.6645,3.8214,100.0
519508,万家货币A,2019-01-18,0.7952,2.676,2.7255,3.0503,3.0887,0.2661,0.7217,1.5397,3.4142,100.0
000678,华宝现金宝货币E,2019-01-18,0.794,2.899,2.9945,3.2323,3.5801,0.2676,0.796,1.6549,3.788,100.0
240007,华宝现金宝货币B,2019-01-18,0.794,2.9,2.9947,3.2324,3.5801,0.2676,0.796,1.6549,3.7881,5000000.0
000588,招商招钱宝货币A,2019-01-19,0.7939,2.939,2.997,3.1414,3.0951,0.2614,0.7582,1.6501,3.7715,100.0
002248,新疆前海联合海盈货币B,2019-01-19,0.7939,2.869,2.8631,3.4761,3.3934,0.2881,0.7813,1.5591,3.6926,5000000.0
000638,富国富钱包货币,2019-01-20,0.7937,3.039,3.0394,3.0929,3.0855,0.2598,0.7741,1.6979,3.9258,100.0
001894,泰达宏利活期友货币A,2019-01-18,0.7932,2.908,2.9742,3.107,3.1463,0.2664,0.7703,1.5694,3.7028,100.0
000677,工银现金货币,2019-01-19,0.7929,3.122,3.287,3.3257,3.2488,0.2757,0.8011,1.7017,3.8256,100.0
003252,大成添益交易型货币A,2019-01-18,0.7914,2.936,3.0107,3.0858,3.0112,0.257,0.6864,1.4008,3.4407,100.0
005057,东方红货币B,2019-01-20,0.7911,3.001,3.1502,3.5376,3.5189,0.301,0.7441,1.4878,3.5711,5000000.0
004399,融通汇财宝货币E,2019-01-19,0.791,2.512,3.0061,3.2021,3.2337,0.2712,0.7739,1.5874,3.6656,100.0
161615,融通易支付货币B,2019-01-19,0.7907,2.998,3.0801,3.1811,3.1815,0.2684,0.7423,1.5269,3.4495,5000000.0
004398,融通现金宝货币B,2019-01-19,0.7904,3.338,3.0597,3.2719,3.2711,0.2751,0.8081,1.7098,3.936,100.0
003515,国泰利是宝货币,2019-01-18,0.7903,2.855,2.8589,2.8886,2.8927,0.2432,0.7106,1.5262,3.6472,100.0
000789,易方达龙宝货币A,2019-01-19,0.7899,2.979,2.9926,3.1248,3.1193,0.262,0.7662,1.6153,3.6701,100.0
000726,大成添利宝货币E,2019-01-18,0.7898,2.924,2.9115,2.9,2.9006,0.2434,0.6999,1.5298,3.5906,100.0
000917,嘉实快线货币A,2019-01-20,0.7897,2.994,3.0176,3.3475,3.3966,0.2839,0.8238,1.6376,3.7309,100.0
003034,平安交易型货币A,2019-01-19,0.7886,2.955,2.9918,3.2299,3.2407,0.2691,0.8209,1.6542,3.8173,100.0
004939,中欧滚钱宝货币C,2019-01-18,0.7872,2.929,2.9658,2.9792,2.9582,0.2491,0.7319,1.5668,3.6589,100.0
001992,农银天天利货币B,2019-01-18,0.7851,2.836,3.2092,3.7273,3.8355,0.3304,0.8265,1.7144,3.7916,5000000.0
002760,东兴安盈宝B,2019-01-18,0.7847,2.92,3.0201,3.2629,3.1864,0.2771,0.7416,1.5561,3.6147,5000000.0
004216,兴业安润货币A,2019-01-18,0.7832,2.861,2.9023,2.9731,2.9615,0.2489,0.7188,1.5556,3.6477,100.0
004984,鹏扬现金通利货币B,2019-01-18,0.7831,2.846,2.8757,3.0137,2.9689,0.2496,0.7355,1.5617,3.7525,5000000.0
000464,嘉实活期宝货币,2019-01-20,0.7819,3.137,3.0754,3.0227,3.0373,0.2553,0.771,1.6403,3.7406,100.0
003712,泰达宏利京元宝货币B,2019-01-18,0.7815,3.071,3.1821,3.4744,3.476,0.2949,0.7957,1.6214,3.8242,5000000.0
001386,天弘弘运宝货币A,2019-01-19,0.7809,3.212,3.1381,3.0483,3.0368,0.2551,0.7847,1.6573,3.9025,100.0
004896,鹏华兴鑫宝货币,2019-01-18,0.7798,2.855,2.9665,2.966,2.9754,0.2484,0.7547,1.6222,3.6996,100.0
005017,长江优享货币B,2019-01-18,0.7791,2.971,3.0015,3.3684,3.2507,0.2786,0.7495,1.5764,3.6984,5000000.0
202302,南方现金增利货币B,2019-01-19,0.778,2.923,2.991,3.0717,3.0868,0.2625,0.757,1.6321,3.8098,10000000.0
000709,华安汇财通货币,2019-01-19,0.7778,3.015,3.004,2.9895,2.9951,0.2514,0.7671,1.6372,3.7199,100.0
000773,万家现金宝A,2019-01-18,0.7774,2.88,2.9606,3.0353,3.0226,0.2537,0.7545,1.5517,3.4753,100.0
270014,广发货币B,2019-01-19,0.7772,2.839,2.8697,3.0239,3.0472,0.2602,0.746,1.5961,3.7677,5000000.0
001478,泰康薪意保货币B,2019-01-20,0.7758,2.964,3.2282,3.4636,3.3942,0.2892,0.7849,1.6643,3.8589,5000000.0
150015,银河银富货币B,2019-01-18,0.7758,3.246,3.1776,3.3762,3.3456,0.2817,0.7762,1.4533,3.4436,5000000.0
200103,长城货币B,2019-01-19,0.7752,3.109,3.1081,3.2277,3.2411,0.2732,0.7502,1.5654,3.6456,5000000.0
000379,平安日增利货币,2019-01-19,0.7748,2.977,3.0119,2.9839,2.9697,0.2499,0.7411,1.5921,3.6139,100.0
004120,国富安享货币,2019-01-20,0.7748,2.875,2.9389,3.1169,3.1427,0.2649,0.7791,1.626,3.7214,100.0
003752,工银如意货币A,2019-01-19,0.7747,2.864,2.9963,3.0943,3.0248,0.2564,0.7391,1.6126,3.744,100.0
000704,易方达天天增利货币A,2019-01-19,0.7743,2.957,2.9492,2.8198,2.8007,0.2357,0.7214,1.5657,3.693,100.0
730103,方正富邦货币B,2019-01-18,0.7742,2.833,3.2107,3.3157,3.21,0.2734,0.7,1.5115,3.6922,5000000.0
001937,兴银现金增利货币,2019-01-18,0.774,2.851,2.9473,3.3492,3.2537,0.2774,0.7341,1.5171,3.6253,100.0
004152,先锋日添利B,2019-01-18,0.7739,2.834,2.8835,3.2064,3.3689,0.2903,0.7472,1.4763,3.5419,5000000.0
001175,山证日日添利货币A,2019-01-18,0.7722,2.912,2.8518,2.9688,2.9644,0.2488,0.7236,1.4526,3.2438,100.0
100028,富国天时货币B,2019-01-18,0.7721,2.755,2.8002,3.0577,3.0751,0.2569,0.7492,1.5763,3.6818,5000000.0
519518,汇添富货币A,2019-01-18,0.7718,2.844,2.951,3.1186,3.1066,0.2616,0.7453,1.5738,3.6115,100.0
001234,国金众赢货币,2019-01-19,0.7717,3.14,3.2143,3.5381,3.8129,0.3088,0.8619,1.8033,3.9634,100.0
000846,中融货币C,2019-01-18,0.7705,2.87,2.8676,3.0951,3.0411,0.2575,0.7389,1.5734,3.686,5000000.0
003875,浙商日添金货币B,2019-01-18,0.7702,2.879,2.9019,3.045,3.004,0.2539,0.7056,1.5209,3.5876,5000000.0
000604,银华多利宝货币A,2019-01-18,0.7678,2.839,2.8872,3.028,3.0593,0.2585,0.7182,1.5561,3.6198,100.0
005230,长盛货币B,2019-01-18,0.7676,2.855,2.8353,2.9452,2.9512,0.2473,0.7214,1.5417,3.6627,5000000.0
001826,国寿安保增金宝货币,2019-01-18,0.7675,2.908,2.9975,3.2153,3.2869,0.2781,0.8511,1.7993,3.9332,100.0
070008,嘉实货币A,2019-01-20,0.7667,2.898,3.0302,2.9932,2.9885,0.2515,0.7446,1.573,3.5736,100.0
000331,中加货币A,2019-01-18,0.7665,2.648,2.8958,3.4488,3.3029,0.2887,0.72,1.4558,3.5393,100.0
150998,银河钱包货币B,2019-01-18,0.7664,2.781,2.8802,3.3162,3.2494,0.2756,0.7595,1.5389,3.6335,5000000.0
000786,华融现金增利货币B,2019-01-18,0.7662,2.883,2.9463,3.1097,3.197,0.2604,0.7155,1.4519,3.5413,5000000.0
000211,光大现金宝货币B,2019-01-18,0.7651,2.803,2.8646,3.4516,3.3854,0.284,0.7523,1.5251,3.5548,5000000.0
002894,华夏天利货币A,2019-01-19,0.7639,2.742,2.8858,2.8989,2.8693,0.2425,0.7142,1.5521,3.6652,100.0
000580,中邮货币B,2019-01-18,0.7635,2.671,2.5403,2.9285,2.838,0.2543,0.6656,1.3211,3.2909,5000000.0
000724,大成添利宝货币A,2019-01-18,0.7629,2.827,2.8113,2.7973,2.7979,0.235,0.6745,1.478,3.4858,100.0
003206,博时合鑫货币,2019-01-20,0.761,2.813,2.8125,3.4778,3.3793,0.2886,0.732,1.4837,3.5318,100.0
002958,财通财通宝货币B,2019-01-18,0.7602,2.821,2.982,3.2854,3.191,0.2713,0.7293,1.5301,3.4885,5000000.0
002852,招商财富宝交易型货币A,2019-01-18,0.7601,2.812,2.9156,3.3292,3.229,0.2753,0.7547,1.5942,3.6638,100.0
002302,新沃通宝B,2019-01-20,0.7596,3.054,3.3656,3.9553,3.9234,0.3304,0.967,1.8228,3.9544,5000000.0
004699,前海联合汇盈货币A,2019-01-19,0.7591,2.78,2.8781,3.1181,3.054,0.2593,0.7055,1.4772,3.4456,100.0
003185,建信货币B,2019-01-20,0.7588,3.74,3.4011,3.6371,3.5501,0.3028,0.8126,1.6953,3.9103,5000000.0
000627,大成丰财宝货币B,2019-01-18,0.7583,2.811,2.874,3.5029,3.3737,0.2884,0.7354,1.4941,3.5499,5000000.0
004971,南方天天宝货币B,2019-01-19,0.7576,2.768,2.8228,3.1496,3.1058,0.2634,0.7561,1.7278,3.7678,100.0
040038,华安日日鑫货币A,2019-01-18,0.7575,2.816,2.8554,2.8365,2.8297,0.2376,0.7094,1.4971,3.5484,100.0
090022,大成现金增利货币A,2019-01-18,0.757,2.854,2.7839,2.871,2.8601,0.2409,0.6673,1.4044,3.4703,100.0
519505,海富通货币A,2019-01-18,0.7561,2.624,2.6606,2.8178,2.8393,0.2426,0.6831,1.4184,3.3637,100.0
001077,华夏现金宝货币A,2019-01-19,0.7518,2.849,2.9301,2.9272,2.9241,0.2467,0.7517,1.5468,3.6084,100.0
000560,诺安天天宝E,2019-01-18,0.751,2.776,2.8454,3.0622,3.0637,0.2573,0.7217,1.5128,3.6784,100.0
001871,前海开源货币B,2019-01-18,0.75,2.603,2.5225,2.7544,2.8552,0.2468,0.6924,1.4741,3.4867,5000000.0
000701,景顺长城景丰货币A,2019-01-18,0.7495,3.042,2.9688,2.9348,2.8474,0.2468,0.6705,1.3461,3.1822,100.0
660107,农银货币B,2019-01-18,0.7492,2.947,3.2417,3.4052,3.3849,0.2868,0.8104,1.7073,3.8544,5000000.0
000366,汇添富添富通货币A,2019-01-20,0.7491,2.749,2.7875,3.1709,3.1479,0.264,0.7476,1.416,3.1221,100.0
217014,招商现金增值货币B,2019-01-18,0.7489,2.686,2.922,3.7069,3.5211,0.3029,0.7705,1.6242,3.6847,10000000.0
003003,华夏现金增利货币A/E,2019-01-19,0.7484,3.291,3.5134,3.3598,3.2913,0.2799,0.7657,1.5314,3.7909,100.0
002847,天弘现金管家货币E,2019-01-18,0.7482,2.852,2.8728,2.8242,2.8139,0.2399,0.7149,1.384,3.3744,100.0
004261,招商招禧宝货币A,2019-01-18,0.748,2.881,3.1052,3.3398,3.1954,0.2743,0.7521,1.5882,3.5811,100.0
004866,格林货币B,2019-01-18,0.7478,2.747,2.8082,3.6116,3.536,0.2953,0.8111,1.5224,3.6365,5000000.0
420006,天弘现金管家货币A,2019-01-18,0.7474,2.849,2.8699,2.8206,2.8098,0.2395,0.7115,1.3806,3.3721,1000.0
000475,广发天天利货币A,2019-01-19,0.7468,2.825,2.8903,2.9598,2.9678,0.2487,0.688,1.4729,3.5708,100.0
002680,工银安盈货币B,2019-01-18,0.7466,2.686,2.6641,3.1566,3.0822,0.2665,0.7209,1.6298,4.029,30000000.0
000509,广发钱袋子货币A,2019-01-19,0.7454,2.702,2.7468,3.0866,3.1156,0.2584,0.7373,1.5483,3.615,100.0
161622,融通汇财宝货币A,2019-01-19,0.7444,2.363,2.8312,3.0268,3.0583,0.2568,0.7306,1.5002,3.4898,100.0
004186,江信增利货币B,2019-01-18,0.7444,2.697,2.7074,3.1927,3.1193,0.2641,0.7395,1.6076,3.6947,5000000.0
620010,金元顺安金元宝货币A,2019-01-20,0.744,2.918,2.8896,2.9759,2.9948,0.2535,0.7355,1.5329,3.6767,100.0
740602,长安货币B,2019-01-19,0.7439,2.698,2.8212,3.3354,3.2993,0.2815,0.7617,1.5269,3.6399,5000000.0
003364,长江乐享货币B,2019-01-18,0.7436,2.838,2.8236,2.9598,2.9172,0.2504,0.726,1.5328,3.5261,5000000.0
002884,华润元大现金通货币B,2019-01-18,0.7423,2.839,3.0549,3.079,3.0223,0.2557,0.7727,1.6759,4.0087,5000000.0
519509,浦银安盛货币A,2019-01-18,0.7418,2.825,2.8563,3.0421,2.9971,0.2583,0.6964,1.4515,3.4747,100.0
150988,银河钱包货币A,2019-01-18,0.7416,2.687,2.7807,3.2186,3.155,0.2678,0.7364,1.4925,3.5396,100.0
002710,红塔红土人人宝货币B,2019-01-20,0.7415,2.827,2.8961,2.9223,2.9378,0.2475,0.7317,1.5173,3.6351,5000000.0
050003,博时现金收益货币A,2019-01-20,0.739,2.747,2.7825,2.7896,2.806,0.2361,0.6805,1.4373,3.4465,100.0
003317,中银证券现金管家货币B,2019-01-20,0.7384,2.806,2.8977,2.927,3.0316,0.2588,0.7159,1.545,3.5643,5000000.0
003229,浦银安盛日日鑫货币B,2019-01-18,0.7383,2.769,2.8201,3.1454,3.1274,0.2633,0.7366,1.5196,3.6183,5000000.0
000855,上投摩根天添盈货币A,2019-01-18,0.7378,2.646,2.6746,2.7531,2.7347,0.2305,0.6537,1.2856,3.0731,100.0
750007,安信现金管理货币B,2019-01-18,0.7374,2.7,2.7389,3.041,3.0253,0.2551,0.7302,1.5349,3.606,5000000.0
004770,海富通添益货币A,2019-01-18,0.7371,2.726,3.3212,3.5006,3.3845,0.2898,0.7443,1.5815,3.7534,100.0
003585,先锋现金宝货币,2019-01-18,0.7364,2.705,2.7984,2.9599,2.878,0.2414,0.6511,1.3107,3.2174,100.0
000506,国寿安保货币B,2019-01-18,0.7353,3.134,3.2683,3.383,3.1883,0.2754,0.7013,1.429,3.3402,5000000.0
003423,国寿安保添利货币B,2019-01-18,0.7342,2.661,2.6965,2.9526,2.9223,0.2458,0.7062,1.4919,3.6332,5000000.0
253051,国联安货币B,2019-01-18,0.7328,2.848,2.8836,3.2887,3.2029,0.2729,0.7181,1.4481,3.4958,5000000.0
000722,兴业货币B,2019-01-18,0.7325,2.301,2.2941,3.1227,3.0062,0.2579,0.6886,1.4131,3.3283,5000000.0
002195,中银机构现金管理货币,2019-01-19,0.7323,2.739,2.863,3.4485,3.4584,0.2845,0.7768,1.6359,3.8591,1000.0
000325,华润元大现金收益货币B,2019-01-18,0.7321,2.68,2.6678,3.1286,2.9981,0.2639,0.6295,1.3221,3.4497,5000000.0
288101,华夏货币A,2019-01-18,0.7318,3.105,3.2221,3.4441,3.4147,0.285,0.7643,1.558,3.6979,100.0
000542,上银慧财宝货币A,2019-01-20,0.7316,2.701,2.7348,3.1724,3.1296,0.266,0.711,1.4655,3.4891,100.0
004077,金信民发货币A,2019-01-19,0.7311,2.619,2.6144,3.9943,3.7342,0.3236,0.7674,1.5715,3.6164,100.0
001981,富国收益宝交易型货币A,2019-01-18,0.7304,2.599,2.5875,2.8362,2.8522,0.2387,0.6931,1.495,3.5779,100.0
213909,宝盈货币B,2019-01-18,0.7282,3.03,3.0644,3.2189,3.1103,0.2647,0.7357,1.526,3.6067,5000000.0
001698,大成恒丰宝货币B,2019-01-18,0.7281,2.645,2.7204,3.0359,2.9299,0.2502,0.6673,1.4725,3.5373,5000000.0
240006,华宝现金宝货币A,2019-01-18,0.7278,2.65,2.7444,2.9845,3.3335,0.2474,0.7351,1.5319,3.5393,500.0
004983,鹏扬现金通利货币A,2019-01-18,0.7269,2.641,2.6693,2.8062,2.7622,0.2325,0.6844,1.459,3.5449,100.0
004568,长城工资宝货币B,2019-01-19,0.7265,2.66,2.7588,3.0109,2.9184,0.2485,0.6885,1.4598,3.565,5000000.0
392002,中海货币B,2019-01-18,0.726,2.587,2.6139,3.5822,3.5402,0.2936,0.8234,1.6591,3.8683,5000000.0
320019,诺安货币B,2019-01-18,0.7257,2.565,2.593,2.9745,2.8495,0.2494,0.6727,1.4041,3.3501,5000000.0
002247,新疆前海联合海盈货币A,2019-01-19,0.7254,2.614,2.6075,3.2187,3.1355,0.2668,0.7177,1.4312,3.4336,100.0
005056,东方红货币A,2019-01-20,0.7253,2.756,2.9042,3.2881,3.2693,0.2804,0.683,1.3646,3.3229,100.0
161608,融通易支付货币A,2019-01-19,0.725,2.753,2.8348,2.9387,2.9405,0.2485,0.6827,1.4075,3.2045,100.0
002788,融通现金宝货币A,2019-01-19,0.7246,3.09,2.812,3.0248,3.0238,0.2547,0.7471,1.5867,3.6863,100.0
160609,鹏华货币B,2019-01-18,0.7243,2.694,2.6868,3.0617,2.9827,0.2578,0.7099,1.4526,3.4851,5000000.0
002324,南方日添益A,2019-01-19,0.7215,2.671,2.7192,2.812,2.8076,0.2352,0.7363,1.6611,3.6903,100.0
002889,交银天利宝货币A,2019-01-18,0.7186,2.63,2.7802,3.3003,3.2114,0.2733,0.7744,1.6442,3.8121,100.0
310339,申万收益宝货币B,2019-01-18,0.7183,2.718,2.7826,3.2635,3.1604,0.2711,0.6746,1.3436,3.2441,5000000.0
001991,农银天天利货币A,2019-01-18,0.7179,2.583,2.9568,3.4792,3.5869,0.3099,0.7654,1.5913,3.5422,100.0
002759,东兴安盈宝A,2019-01-18,0.7171,2.68,2.7814,3.0223,2.9456,0.2566,0.6804,1.4331,3.3659,100.0
004787,渤海汇金汇添金货币B,2019-01-18,0.7158,2.612,2.7472,2.8847,2.8288,0.2663,0.7213,1.4638,3.4152,5000000.0
000651,招商招金宝货币B,2019-01-18,0.7155,2.675,2.8313,3.0166,2.8963,0.25,0.6317,1.2931,3.1653,5000000.0
003711,泰达宏利京元宝货币A,2019-01-18,0.7152,2.823,2.9339,3.226,3.2275,0.2742,0.7345,1.4975,3.5745,100.0
150005,银河银富货币A,2019-01-18,0.7151,3.005,2.9369,3.1539,3.1202,0.2634,0.7176,1.333,3.1977,100.0
004173,嘉实增益宝货币,2019-01-20,0.7149,2.693,2.7526,2.7133,2.693,0.2264,0.6581,1.3584,3.2613,100.0
004073,金元顺安金通宝货币B,2019-01-20,0.7147,2.636,2.6185,3.116,3.0281,0.2577,0.687,1.4124,3.424,5000000.0
000559,诺安天天宝A,2019-01-18,0.7125,2.628,2.6965,2.9162,2.9209,0.2455,0.6861,1.4423,3.4521,100.0
001391,天弘弘运宝货币B,2019-01-19,0.7124,2.955,2.9141,2.885,2.8857,0.2425,0.7553,1.6021,3.7839,5000000.0
202301,南方现金增利货币A,2019-01-19,0.7123,2.683,2.7507,2.8314,2.8464,0.2421,0.6959,1.5091,3.5609,100.0
000682,信达澳银慧管家C,2019-01-20,0.7119,2.731,2.6815,3.2211,3.1324,0.2675,0.6741,1.3476,3.2511,5000000.0
270004,广发货币A,2019-01-19,0.7114,2.598,2.6294,2.7836,2.8069,0.2397,0.685,1.4732,3.5188,100.0
091005,大成货币B,2019-01-18,0.7107,2.643,2.7858,3.3519,3.2066,0.2752,0.7249,1.5321,3.5746,10000000.0
003998,泓德添利货币B,2019-01-18,0.7105,2.945,2.7238,3.6254,3.5148,0.3035,0.7851,1.6599,3.7374,5000000.0
001477,泰康薪意保货币A,2019-01-20,0.71,2.717,2.9807,3.2151,3.1458,0.2688,0.7239,1.5413,3.6101,100.0
005016,长江优享货币A,2019-01-18,0.71,2.717,2.751,3.1186,3.0016,0.2581,0.6884,1.4532,3.449,100.0
200003,长城货币A,2019-01-19,0.7094,2.863,2.8615,2.9831,2.9972,0.253,0.69,1.444,3.3984,100.0
730003,方正富邦货币A,2019-01-18,0.7083,2.586,2.9638,3.068,2.9625,0.2529,0.6389,1.3884,3.4431,100.0
004151,先锋日添利A,2019-01-18,0.7078,2.582,2.6322,2.9579,3.1208,0.2698,0.6861,1.3531,3.2929,100.0
001233,嘉合货币B,2019-01-18,0.7067,2.633,2.6787,3.9245,3.7568,0.3218,0.7948,1.6098,3.8054,5000000.0
100025,富国天时货币A,2019-01-18,0.7062,2.507,2.553,2.8097,2.8271,0.2363,0.6879,1.4531,3.4311,100.0
000847,中融货币A,2019-01-18,0.7054,2.623,2.6203,2.8471,2.793,0.237,0.6776,1.4505,3.4371,100.0
583101,东吴货币B,2019-01-18,0.7053,2.62,2.7431,2.7698,2.711,0.2303,0.7266,1.4102,3.2887,5000000.0
003874,浙商日添金货币A,2019-01-18,0.7048,2.64,2.6588,2.7953,2.7552,0.2332,0.6448,1.3985,3.34,100.0
002883,华润元大现金通货币A,2019-01-18,0.7037,2.695,2.9101,2.9338,2.8771,0.2438,0.7369,1.6038,3.8632,100.0
000740,兴银货币B,2019-01-18,0.7029,2.525,2.6887,3.069,2.9875,0.2547,0.6766,1.4076,3.321,5000000.0
002673,诺德货币B,2019-01-18,0.7029,2.592,2.7271,3.0039,2.9777,0.2596,0.7054,1.5036,3.6073,3000000.0
080011,长盛货币A,2019-01-18,0.7015,2.608,2.5877,2.6973,2.7038,0.2268,0.6604,1.4186,3.4133,100.0
000548,鹏华聚财通货币,2019-01-18,0.7006,2.534,2.5548,2.601,2.8172,0.24,0.6729,1.3527,3.3645,10.0
000785,华融现金增利货币A,2019-01-18,0.7004,2.635,2.6988,2.8619,2.9492,0.2399,0.6545,1.3287,3.3411,100.0
000210,光大现金宝货币A,2019-01-18,0.6998,2.555,2.6174,3.2034,3.137,0.2635,0.6913,1.4021,3.3064,100.0
003994,华富货币B,2019-01-18,0.6995,2.495,2.6318,3.26,3.1314,0.2733,0.725,1.4754,3.4619,5000000.0
000204,国富日日收益货币B,2019-01-20,0.6979,2.565,2.9458,3.0487,2.9914,0.2542,0.7055,1.4654,3.4168,5000000.0
519589,交银货币B,2019-01-18,0.6972,2.488,2.5707,2.8326,2.7765,0.239,0.612,1.2951,3.1729,5000000.0
000626,大成丰财宝货币A,2019-01-18,0.6969,2.567,2.6289,3.256,3.1261,0.2679,0.6744,1.3713,3.3013,100.0
004869,中融日日盈交易型货币B,2019-01-18,0.6967,2.549,2.7836,3.3804,3.3671,0.2953,0.8159,1.6529,3.5844,100.0
002957,财通财通宝货币A,2019-01-18,0.6945,2.573,2.7341,3.0376,2.9429,0.2508,0.6683,1.4073,3.2394,100.0
000576,中邮货币A,2019-01-18,0.6942,2.429,2.2995,2.6885,2.5982,0.2332,0.604,1.1977,3.0414,100.0
001916,新沃通宝A,2019-01-20,0.6938,2.806,3.1166,3.7058,3.6743,0.3099,0.9057,1.6992,3.7044,100.0
530002,建信货币A,2019-01-20,0.693,3.492,3.1552,3.3904,3.3031,0.2824,0.7518,1.5724,3.6613,100.0
002960,博时合利货币,2019-01-20,0.6926,2.655,2.5671,3.1519,3.2027,0.2723,0.6047,1.3403,3.4422,100.0
002647,中科沃土货币B,2019-01-19,0.6922,2.685,3.2516,3.4804,3.3921,0.2915,0.6859,1.4538,3.3784,5000000.0
004970,南方天天宝货币A,2019-01-19,0.6918,2.525,2.5791,2.9048,2.8614,0.2433,0.697,1.6066,3.522,100.0
000816,南方理财金交易型货币A,2019-01-19,0.6907,2.683,2.842,2.8962,2.9091,0.2464,0.6892,1.4431,3.4356,100.0
000439,国金鑫盈货币,2019-01-18,0.6887,0.51,0.3728,0.6935,0.8708,0.0639,0.3892,0.6542,1.7949,100.0
001870,前海开源货币A,2019-01-18,0.6852,2.358,2.2753,2.5076,2.6082,0.2263,0.6312,1.3512,3.238,100.0
260202,景顺货币B,2019-01-18,0.6847,2.823,2.8717,3.0148,2.9264,0.2594,0.7165,1.4781,3.3475,5000000.0
004210,前海开源货币E,2019-01-18,0.6837,2.36,2.2777,2.5072,2.6048,0.226,0.631,1.3511,3.238,100.0
660007,农银货币A,2019-01-18,0.683,2.699,2.9923,3.1564,3.1363,0.2662,0.7493,1.5842,3.6052,100.0
217004,招商现金增值货币A,2019-01-18,0.6829,2.438,2.6757,3.4587,3.2733,0.2825,0.7095,1.5013,3.4361,100.0
004865,格林货币A,2019-01-18,0.6812,2.495,2.5609,3.3648,3.2885,0.275,0.7503,1.3995,3.389,100.0
002679,工银安盈货币A,2019-01-18,0.6805,2.432,2.4191,2.913,2.8392,0.2457,0.6595,1.506,3.7799,100.0
002748,中欧货币D,2019-01-18,0.68,2.476,2.5848,2.9733,2.8389,0.2431,0.6709,1.4215,3.4262,5000000.0
166015,中欧货币B,2019-01-18,0.68,2.476,2.5851,2.9735,2.8388,0.2431,0.671,1.4214,3.4262,5000000.0
004185,江信增利货币A,2019-01-18,0.6789,2.451,2.4613,2.9461,2.8724,0.2437,0.6788,1.4841,3.4461,100.0
003363,长江乐享货币A,2019-01-18,0.6787,2.605,2.5872,2.7214,2.6784,0.2301,0.6645,1.4098,3.2776,100.0
740601,长安货币A,2019-01-19,0.6782,2.456,2.5783,3.0932,3.058,0.2608,0.7005,1.4039,3.391,100.0
000484,鑫元货币B,2019-01-18,0.6778,2.26,2.3916,3.6527,3.5384,0.3053,0.7628,1.5213,3.5309,5000000.0
004494,华泰保兴货币B,2019-01-18,0.6772,2.651,2.8735,3.2551,3.1366,0.2817,0.7184,1.4404,3.4543,5000000.0
460106,华泰柏瑞货币B,2019-01-18,0.6769,2.458,2.6054,3.557,3.4051,0.2917,0.7246,1.4349,3.4644,5000000.0
004985,博时合晶货币,2019-01-20,0.6767,2.427,2.4999,2.5537,2.474,0.2098,0.592,1.2957,3.2907,100.0
002709,红塔红土人人宝货币A,2019-01-20,0.6758,2.58,2.6478,2.6752,2.6903,0.2271,0.671,1.3948,3.3873,100.0
000615,长城工资宝货币A,2019-01-19,0.6744,2.463,2.5634,2.8151,2.7228,0.2323,0.6401,1.3623,3.3676,100.0
041003,华安现金富利货币B,2019-01-18,0.6741,2.446,2.4845,2.9619,2.8612,0.2495,0.6576,1.3566,3.3053,5000000.0
000700,泰达宏利货币B,2019-01-18,0.6736,2.481,2.1603,4.5882,4.492,0.3944,0.8724,1.6443,3.8218,3000000.0
003399,太平日日金货币B,2019-01-18,0.6731,2.612,2.7461,3.0353,2.977,0.2528,0.7027,1.4806,3.4592,5000000.0
003316,中银证券现金管家货币A,2019-01-20,0.6727,2.558,2.6491,2.6798,2.7837,0.2383,0.6547,1.4218,3.3153,100.0
003535,浦银安盛日日丰货币B,2019-01-18,0.6723,3.457,3.4961,3.6236,3.6254,0.2987,0.8491,1.6643,3.6959,5000000.0
000540,国金金腾通货币A,2019-01-19,0.6718,2.88,2.8629,3.0092,3.0095,0.2505,0.801,1.7168,3.8054,100.0
003228,浦银安盛日日鑫货币A,2019-01-18,0.6712,2.522,2.5745,2.9011,2.8833,0.2431,0.6761,1.3975,3.3699,100.0
750006,安信现金管理货币A,2019-01-18,0.6712,2.454,2.4923,2.7927,2.7774,0.2346,0.6689,1.4118,3.3573,100.0
000505,国寿安保货币A,2019-01-18,0.6697,2.888,3.0221,3.1361,2.9415,0.255,0.6405,1.3064,3.0917,100.0
003422,国寿安保添利货币A,2019-01-18,0.6684,2.414,2.4445,2.7024,2.671,0.225,0.645,1.3687,3.3831,100.0
003393,建信天添益货币C,2019-01-20,0.6682,2.553,2.4987,3.0934,3.1178,0.2651,0.7691,1.5708,3.7272,5000000.0
003391,建信天添益货币A,2019-01-20,0.6682,2.553,2.4983,3.0932,3.1176,0.2652,0.7691,1.5707,3.7274,100.0
000324,华润元大现金收益货币A,2019-01-18,0.6675,2.441,2.4265,2.8882,2.7577,0.2435,0.5685,1.1993,3.2014,100.0
253050,国联安货币A,2019-01-18,0.667,2.602,2.6347,3.0409,2.9553,0.2525,0.657,1.3251,3.2474,100.0
000721,兴业货币A,2019-01-18,0.6667,2.055,2.0479,2.8747,2.7587,0.2374,0.6276,1.2902,3.0798,100.0
000713,上投摩根天添宝货币B,2019-01-18,0.6667,2.477,2.5689,3.0754,3.0055,0.2571,0.667,1.3765,3.3313,5000000.0
000301,德邦德利货币B,2019-01-18,0.6659,2.431,2.5198,3.4673,3.4028,0.3019,0.7243,1.4287,3.4124,5000000.0
001926,兴业鑫天盈货币B,2019-01-18,0.6648,2.455,2.5428,2.7138,2.7095,0.2261,0.655,1.3434,3.2599,5000000.0
002260,中信建投添鑫宝,2019-01-19,0.6636,2.433,2.5813,2.8181,2.8648,0.2406,0.6934,1.5097,3.327,100.0
213009,宝盈货币A,2019-01-18,0.6622,2.782,2.8165,2.9711,2.863,0.2443,0.6747,1.4028,3.3578,100.0
001697,大成恒丰宝货币A,2019-01-18,0.6621,2.397,2.4731,2.7884,2.6826,0.2296,0.6062,1.3493,3.2889,100.0
320002,诺安货币A,2019-01-18,0.66,2.325,2.3528,2.7344,2.6095,0.2289,0.6118,1.2815,3.1005,100.0
392001,中海货币A,2019-01-18,0.6597,2.339,2.3674,3.3329,3.2905,0.273,0.7623,1.5361,3.6188,100.0
160606,鹏华货币A,2019-01-18,0.6583,2.453,2.4463,2.8214,2.7423,0.2374,0.6489,1.3299,3.2369,100.0
004286,华富天盈货币B,2019-01-18,0.6549,3.192,3.5311,3.6715,3.412,0.2996,0.7983,1.5325,3.5447,5000000.0
001101,银华惠添益货币,2019-01-18,0.6539,2.409,2.4133,2.6147,2.6109,0.2197,0.6499,1.6452,3.3625,100.0
310338,申万菱信收益宝货币A,2019-01-18,0.6523,2.5,2.5477,3.0221,2.9179,0.2511,0.6141,1.2213,2.9961,100.0
000735,博时天天增利货币B,2019-01-20,0.6519,2.327,2.2748,3.0044,2.9155,0.2503,0.6579,1.2828,3.0418,5000000.0
000644,招商招金宝货币A,2019-01-18,0.6495,2.429,2.5845,2.7674,2.6467,0.2294,0.5707,1.1704,2.9178,100.0
001843,九泰日添金货币B,2019-01-18,0.6495,2.404,2.5635,2.9656,2.9552,0.2512,0.6798,1.5092,3.5433,5000000.0
004072,金元顺安金通宝货币A,2019-01-20,0.649,2.387,2.3706,2.8687,2.7793,0.237,0.626,1.2893,3.1749,100.0
004786,渤海汇金汇添金货币A,2019-01-18,0.6483,2.364,2.4998,2.6574,2.5974,0.2458,0.6603,1.3407,3.1663,100.0
000741,兴银货币A,2019-01-18,0.6481,2.335,2.4823,2.8609,2.7866,0.238,0.6267,1.3064,3.1158,100.0
000681,信达澳银慧管家A,2019-01-20,0.6462,2.48,2.4311,2.9695,2.8803,0.2466,0.6162,1.2293,3.0068,1000.0
090005,大成货币A,2019-01-18,0.6444,2.396,2.5389,3.1037,2.9586,0.2547,0.6639,1.409,3.3259,100.0
003997,泓德添利货币A,2019-01-18,0.6441,2.695,2.4748,3.3759,3.2655,0.283,0.7236,1.537,3.4886,100.0
004133,中航航行宝货币,2019-01-18,0.6434,2.347,2.34,3.0634,2.9427,0.2524,0.6548,1.2925,3.1659,100.0
001232,嘉合货币A,2019-01-18,0.641,2.383,2.4314,3.677,3.509,0.3015,0.7338,1.4868,3.5563,200.0
004060,博时兴盛货币,2019-01-20,0.6398,2.339,2.4898,3.3784,3.4815,0.2964,0.6595,1.1996,3.1674,100.0
002185,泓德泓利货币B,2019-01-18,0.6382,2.553,2.5961,3.478,3.3704,0.2869,0.7477,1.525,3.6316,5000000.0
004860,华泰紫金零钱宝货币,2019-01-18,0.6377,2.323,2.7215,3.3575,3.2585,0.2788,0.6661,1.355,3.1252,100.0
002672,诺德货币A,2019-01-18,0.6371,2.344,2.4798,2.7557,2.7299,0.2384,0.6437,1.38,3.3577,100.0
519567,浦银安盛日日盈货币B,2019-01-18,0.6356,2.369,2.5034,2.8925,2.8694,0.2435,0.6676,1.3943,3.2755,5000000.0
583001,东吴货币A,2019-01-18,0.6355,2.37,2.491,2.5166,2.4582,0.2093,0.666,1.2878,3.0412,100.0
410002,华富货币A,2019-01-18,0.6339,2.255,2.3916,3.0197,2.8913,0.2528,0.6641,1.3526,3.2128,100.0
000203,国富日日收益货币A,2019-01-20,0.6321,2.321,2.7001,2.8023,2.7449,0.2338,0.6445,1.3424,3.1687,100.0
519588,交银货币A,2019-01-18,0.6306,2.247,2.3297,2.5918,2.536,0.2185,0.551,1.1725,2.9254,100.0
002646,中科沃土货币A,2019-01-19,0.6264,2.445,3.0061,3.2335,3.1445,0.2712,0.625,1.3311,3.13,100.0
350004,天治天得利货币,2019-01-18,0.6245,2.297,2.4781,2.7283,2.7605,0.225,0.6414,1.3675,3.3837,1000.0
002078,浙商日添利B,2019-01-18,0.6223,2.632,2.8332,3.198,3.0704,0.2629,0.7216,1.4646,3.4638,5000000.0
360003,光大货币,2019-01-18,0.6203,2.263,2.4024,2.6804,2.6525,0.217,0.5988,1.259,3.116,100.0
260102,景顺货币A,2019-01-18,0.6194,2.583,2.8128,2.8648,2.7588,0.2389,0.6556,1.3555,3.0996,100.0
541011,汇丰晋信货币B,2019-01-18,0.6193,2.957,2.615,3.0462,3.0904,0.2532,0.694,1.384,3.1974,5000000.0
003478,民生加银腾元宝货币A,2019-01-18,0.6147,2.276,2.2698,2.8242,2.8881,0.2398,0.6503,1.345,3.2121,100.0
163820,中银货币B,2019-01-19,0.6143,2.407,2.778,3.635,3.409,0.3015,0.7123,1.5219,3.614,5000000.0
002747,中欧货币C,2019-01-18,0.6142,2.23,2.3378,2.6927,2.5652,0.2201,0.608,1.2968,3.1631,100.0
166014,中欧货币A,2019-01-18,0.6131,2.227,2.3386,2.726,2.5918,0.2225,0.6099,1.2985,3.1779,100.0
002234,泰信天天收益货币B,2019-01-18,0.6118,1.969,3.3941,3.6353,3.3788,0.2991,0.7059,1.4113,3.3521,3000000.0
001527,鑫元安鑫宝货币B,2019-01-18,0.6116,2.54,2.7183,3.613,3.5002,0.3002,0.7699,1.5471,3.5392,100.0
000483,鑫元货币A,2019-01-18,0.6115,2.012,2.1432,3.3876,3.277,0.2835,0.7003,1.3969,3.2812,100.0
004493,华泰保兴货币A,2019-01-18,0.6115,2.405,2.6119,3.0102,2.8916,0.2609,0.657,1.3176,3.2059,100.0
003589,东吴增鑫宝货币B,2019-01-18,0.6099,2.29,2.1577,2.6417,2.675,0.2243,0.6544,1.4006,3.3727,5000000.0
001625,兴业添天盈货币B,2019-01-18,0.6094,2.594,2.8641,3.2452,3.0605,0.2625,0.7382,1.5447,3.6206,5000000.0
040003,华安现金富利货币A,2019-01-18,0.6085,2.206,2.2444,2.7217,2.621,0.2291,0.5966,1.2341,3.0576,100.0
460006,华泰柏瑞货币A,2019-01-18,0.6082,2.197,2.364,3.3129,3.1607,0.2716,0.664,1.3122,3.2166,100.0
162206,泰达宏利货币A,2019-01-18,0.608,2.234,1.913,4.3382,4.242,0.374,0.8113,1.521,3.573,100.0
003534,浦银安盛日日丰货币A,2019-01-18,0.6077,3.211,3.2532,3.3857,3.3869,0.2791,0.7889,1.5424,3.4483,100.0
003398,太平日日金货币A,2019-01-18,0.6074,2.366,2.5086,2.7929,2.7386,0.2328,0.6423,1.3577,3.2109,100.0
550011,信诚货币B,2019-01-19,0.6023,2.204,2.6501,3.153,3.0464,0.261,0.6899,1.4422,3.4923,5000000.0
000712,上投摩根天添宝货币A,2019-01-18,0.6009,2.231,2.322,2.8271,2.7591,0.2367,0.606,1.2539,3.0835,100.0
000300,德邦德利货币A,2019-01-18,0.5994,2.188,2.2776,3.2276,3.1628,0.2816,0.6632,1.3057,3.1641,100.0
001925,兴业鑫天盈货币A,2019-01-18,0.5991,2.209,2.2969,2.4674,2.4633,0.2056,0.5922,1.2182,3.01,100.0
004968,红土创新货币B,2019-01-18,0.5946,2.417,2.6986,3.7806,3.6185,0.3155,0.7574,1.5721,3.7412,5000000.0
000912,英大现金宝货币,2019-01-20,0.5901,4.274,3.8499,3.6513,3.3963,0.3031,0.7586,1.5552,3.492,100.0
004285,华富天盈货币A,2019-01-18,0.5879,2.954,3.2869,3.4249,3.165,0.2792,0.7363,1.4086,3.2938,100.0
000734,博时天天增利货币A,2019-01-20,0.5862,2.082,2.0294,2.7588,2.6699,0.23,0.5971,1.1602,2.7945,100.0
001842,九泰日添金货币A,2019-01-18,0.5832,2.157,2.3169,2.7181,2.7076,0.2306,0.6185,1.3858,3.2935,100.0
001006,中信建投凤凰货币A,2019-01-19,0.5821,2.926,3.2246,3.2987,3.2757,0.271,0.7575,1.5482,3.4216,100.0
630112,华商现金增利货币B,2019-01-20,0.5809,2.299,2.3056,2.891,2.8837,0.2393,0.5943,1.2245,3.025,5000000.0
002184,泓德泓利货币A,2019-01-18,0.5723,2.305,2.3498,3.2298,3.1224,0.2664,0.6864,1.4016,3.382,100.0
110016,易方达货币B,2019-01-18,0.5707,2.504,2.5605,3.1386,3.1338,0.2652,0.6898,1.4176,3.2024,10000000.0
519566,浦银安盛日日盈货币A,2019-01-18,0.5698,2.121,2.2563,2.6447,2.6215,0.2229,0.6067,1.2716,3.0278,100.0
540011,汇丰晋信货币A,2019-01-18,0.5674,2.721,2.3741,2.8046,2.8477,0.2332,0.6332,1.2612,2.9497,1000.0
000683,信达澳银慧管家E,2019-01-20,0.564,2.217,2.1727,2.6018,2.5319,0.2168,0.5569,1.1099,2.7385,100.0
002077,浙商日添利A,2019-01-18,0.5559,2.385,2.5851,2.9494,2.8222,0.2423,0.6602,1.342,3.2156,100.0
070029,嘉实安心货币市场B,2019-01-20,0.5553,2.112,2.2036,2.8491,2.8761,0.2418,0.6124,1.3621,3.1601,5000000.0
163802,中银货币A,2019-01-19,0.5486,2.164,2.5401,3.3966,3.1702,0.2812,0.6514,1.3992,3.3657,100.0
003171,信达澳银慧理财货币,2019-01-20,0.5462,1.86,1.834,2.7881,2.6446,0.2278,0.565,1.2242,3.056,100.0
003588,东吴增鑫宝货币A,2019-01-18,0.5443,2.045,1.914,2.3901,2.4242,0.2034,0.5932,1.2773,3.1248,100.0
001624,兴业添天盈货币A,2019-01-18,0.5437,2.346,2.6152,2.9967,2.8118,0.2419,0.6772,1.4217,3.374,100.0
290001,泰信天天收益货币A,2019-01-18,0.5435,1.737,3.1674,3.4017,3.1441,0.2791,0.6455,1.289,3.1045,1000.0
519512,万家日日薪货币B,2019-01-18,0.538,2.427,3.1427,3.4033,3.2356,0.2835,0.6892,1.5025,3.544,5000000.0
004849,信诚货币E,2019-01-19,0.5375,1.929,2.389,2.8972,2.7924,0.2399,0.6283,1.3184,3.2238,100.0
550010,信诚货币A,2019-01-19,0.5365,1.96,2.4034,2.9057,2.7979,0.2405,0.6289,1.3193,3.244,100.0
004967,红土创新货币A,2019-01-18,0.5281,2.169,2.4513,3.5342,3.3719,0.2952,0.6964,1.449,3.49,100.0
630012,华商现金增利货币A,2019-01-20,0.5152,2.057,2.0637,2.6501,2.6431,0.2189,0.5333,1.1019,2.7777,100.0
020007,国泰货币,2019-01-18,0.5151,1.876,1.9118,2.036,1.9451,0.168,0.5301,1.1592,2.9782,100.0
560001,益民货币,2019-01-18,0.5082,1.963,1.8457,2.5671,2.4692,0.2252,0.539,0.9441,2.214,100.0
110006,易方达货币A,2019-01-18,0.505,2.258,2.3145,2.8916,2.887,0.2448,0.629,1.295,2.955,100.0
000738,中信建投货币A,2019-01-19,0.5034,1.873,2.1436,2.3399,2.3553,0.2008,0.5951,1.3249,2.8521,100.0
400006,东方金账簿货币B,2019-01-18,0.4969,1.909,2.0787,2.9608,2.8999,0.2502,0.6981,1.4372,3.4861,5000000.0
070028,嘉实安心货币市场A,2019-01-20,0.4895,1.87,1.9607,2.6091,2.6358,0.2214,0.5513,1.2395,2.9123,100.0
001987,东方金元宝货币,2019-01-18,0.4818,2.244,3.1613,3.3004,3.1993,0.2739,0.7676,1.5298,3.5751,100.0
519511,万家日日薪货币A,2019-01-18,0.4732,2.188,2.9037,3.163,2.995,0.2631,0.6281,1.3795,3.2956,100.0
400005,东方金账簿货币A,2019-01-18,0.4312,1.668,1.8379,2.7194,2.659,0.2297,0.6372,1.3144,3.2368,100.0
020032,国泰现金管理货币B,2019-01-18,0.374,1.269,1.1179,1.5057,1.5218,0.1282,0.3789,0.755,2.0944,5000000.0
020031,国泰现金管理货币A,2019-01-18,0.3079,1.03,0.878,1.2653,1.282,0.1079,0.3181,0.633,1.849,100.0
000659,银华活钱宝货币C,,,,,,,0.0,0.0,0.0,0.0,100.0
000658,银华活钱宝货币B,,,,,,,0.0,0.0,0.0,0.0,5000000.0
000660,银华活钱宝货币D,,,,,,,0.0,0.0,0.0,0.0,100.0
000657,银华活钱宝货币A,,,,,,,0.0,0.0,0.0,0.0,100.0
000661,银华活钱宝货币E,,,,,,,0.0,0.0,0.0,0.0,100.0
000856,上投摩根天添盈货币B,,,,,,,0.2902,0.9473,1.9787,3.9644,5000000.0
519513,万家日日薪货币R,,,,,,,0.0,0.0,0.0,0.0,100.0
004589,民生加银腾元宝货币B,,,,,,,0.2074,0.6893,1.6243,3.7043,5000000.0
